Iter,Rosenbrock dimension 2,Rosenbrock dimension 5,Rosenbrock dimension 10,Rosenbrock dimension 20,Michalewics dimension 2,Michalewics dimension 5,Michalewics dimension 10,Michalewics dimension 20,Schwefels dimension 2,Schwefels dimension 5,Schwefels dimension 10,Schwefels dimension 20,
0,0.0046265507954405885,29.026250216570492,421.68640299390813,1532.5259825709722,-0.8012424960781507,-3.6065118646200767,-6.103023130823995,-6.529267415506568,5.181553897797374,16.118787240017788,1118.624327110389,262.64553807911614,
1,0.0019544456450129337,11.601214001166818,85.4217575463626,166.23650596920703,-0.8013029114645078,-3.609880136252976,-6.1253563488191345,-6.5429001315369195,2.0295692192701464,10.009744717851163,1118.624327110389,254.02565839735232,
2,0.001285857499736663,1.0385012790278505,4.131089650565354,63.35677107839718,-0.8013029114645078,-3.6193501180413152,-6.135053637201906,-6.547282181291771,0.441883509461749,9.762697183472383,1113.314173741286,253.49287457559828,
3,3.352805068297721E-4,0.9420041864062809,2.385903631632086,26.88074315412261,-0.8013033606766482,-3.621651711499491,-6.135053637201906,-6.547282181291771,0.08262594262494283,8.978203482510963,1111.169389803527,250.1916605285906,
4,1.1352359619780948E-4,0.13577133306908493,0.5589635917668232,21.386216267750864,-0.8013033606766482,-3.6232688844184286,-6.136227744015622,-6.547633746640702,0.08262594262494283,8.978203482510963,1109.89968601862,248.67419170882064,
5,8.62111134069556E-6,0.09900786493958914,0.5557594208218162,9.330251981156183,-0.8013033606766482,-3.625039018185937,-6.136227744015622,-6.547633746640702,0.08262594262494283,8.753040490775659,1109.6933019295527,247.45321431037405,
6,3.925663574793256E-7,0.0752975341628456,0.46613265106791524,5.130711329390125,-0.8013033655783055,-3.625039018185937,-6.14072743873593,-6.550656369430863,0.08262594262494283,8.753040490775659,1109.6301563604886,246.44965459477527,
7,3.925663574793256E-7,0.0752975341628456,0.43692288995183354,4.45120118286769,-0.8013033655783055,-3.626478850993091,-6.150109518873089,-6.550656369430863,0.08262594262494283,8.753040490775659,1109.16216235886,246.23175732544735,
8,3.925663574793256E-7,0.07242011767537461,0.41948297051428135,3.9463385172629004,-0.8013033655783055,-3.626478850993091,-6.150109518873089,-6.550656369430863,0.08262594262494283,8.731812858653727,1109.1035061762054,245.18747552917736,
9,3.925663574793256E-7,0.07242011767537461,0.4141193178960474,3.5385939780154407,-0.8013034099703089,-3.626478850993091,-6.150109518873089,-6.550656369430863,0.08262594262494283,8.731812858653727,1109.0965447469591,245.18747552917736,
10,3.925663574793256E-7,0.07242011767537461,0.4132981702121355,3.315364928853521,-0.8013034099703089,-3.626478850993091,-6.150109518873089,-6.550656369430863,0.08262594262494283,8.731812858653727,1109.087667278174,244.94394014830507,
11,3.925663574793256E-7,0.07242011767537461,0.41306004920964795,3.275995184196727,-0.8013034099703089,-3.626478850993091,-6.150109518873089,-6.553250266930843,0.08262594262494283,8.731812858653727,1109.0836141054813,244.8050249329636,
12,3.925663574793256E-7,0.07242011767537461,0.4127857907498691,3.274937595824529,-0.8013034099703089,-3.626478850993091,-6.150109518873089,-6.553250266930843,0.08262594262494283,8.731812858653727,1109.075429395648,244.8050249329636,
13,3.925663574793256E-7,0.07242011767537461,0.41262632248631476,3.235160527713228,-0.8013034099703089,-3.626478850993091,-6.150109518873089,-6.553250266930843,0.08262594262494283,8.731812858653727,1109.0696488198323,244.72888838678833,
14,3.925663574793256E-7,0.07242011767537461,0.41254298324893446,3.2112592158549873,-0.8013034099703089,-3.626478850993091,-6.150109518873089,-6.553250266930843,0.08262594262494283,8.717014484875117,1103.641790150062,244.7234484202124,
15,3.925663574793256E-7,0.07242011767537461,0.4124419876224804,3.1911804354962947,-0.8013034099703089,-3.6264848420681983,-6.150109518873089,-6.553250266930843,0.08262594262494283,8.717014484875117,1101.504694837993,244.567471164316,
16,3.925663574793256E-7,0.07242011767537461,0.41231458519416375,3.1250290349360195,-0.8013034099703089,-3.6264848420681983,-6.150109518873089,-6.553250266930843,0.08262594262494283,8.717014484875117,1101.316867516177,244.54167183475636,
17,3.925663574793256E-7,0.07242011767537461,0.41183504228374723,3.090754504010387,-0.8013034099703089,-3.6264848420681983,-6.150109518873089,-6.553250266930843,0.08262594262494283,8.717014484875117,1098.76914544487,244.50958740970725,
18,3.925663574793256E-7,0.07242011767537461,0.4112796833178291,3.0789551002208055,-0.8013034099703089,-3.6264848420681983,-6.150109518873089,-6.553250266930843,0.08262594262494283,8.717014484875117,1096.4633201019717,244.42976405461008,
19,3.925663574793256E-7,0.07242011767537461,0.4108963833602818,3.0339306540392394,-0.8013034099703089,-3.6264848420681983,-6.150109518873089,-6.553250266930843,0.08262594262494283,8.717014484875117,1094.545651922045,244.42608186663392,
20,3.925663574793256E-7,0.07242011767537461,0.4094950069979017,2.948268860132249,-0.8013034099703089,-3.6264848420681983,-6.150109518873089,-6.553250266930843,0.08262594262494283,8.717014484875117,1094.545651922045,244.39916044718922,
21,3.925663574793256E-7,0.07242011767537461,0.4076669298393723,2.914148857649683,-0.8013034099703089,-3.6264848420681983,-6.150109518873089,-6.553250266930843,0.08262594262494283,8.717014484875117,1093.237728206881,244.39874741871378,
22,3.925663574793256E-7,0.07242011767537461,0.4073323349990371,2.88637447322534,-0.8013034099703089,-3.6264848420681983,-6.150109518873089,-6.553250266930843,0.08262594262494283,8.717014484875117,1091.973265631073,244.39874741871378,
23,3.925663574793256E-7,0.07242011767537461,0.40682939226659015,2.858488128982376,-0.8013034099703089,-3.6264848420681983,-6.150109518873089,-6.553250266930843,0.08262594262494283,8.717014484875117,1091.2709284296905,244.39874741871378,
24,3.925663574793256E-7,0.07242011767537461,0.4065562502701924,2.8334546503685747,-0.8013034099703089,-3.6264848420681983,-6.150109518873089,-6.553250266930843,0.08262594262494283,8.717014484875117,1090.822814908905,244.39874741871378,
25,3.925663574793256E-7,0.07242011767537461,0.4062728695228193,2.8240169054649136,-0.8013034099703089,-3.6264848420681983,-6.150109518873089,-6.571615239062169,0.08262594262494283,8.717014484875117,1090.822814908905,244.39874741871378,
26,3.925663574793256E-7,0.07242011767537461,0.4062248350264901,2.820038881108936,-0.8013034099703089,-3.6264848420681983,-6.150109518873089,-6.571615239062169,0.08262594262494283,8.717014484875117,1090.822814908905,244.39874741871378,
27,3.925663574793256E-7,0.07242011767537461,0.40588027604901306,2.8094720558162156,-0.8013034099703089,-3.6264848420681983,-6.150109518873089,-6.571615239062169,0.08262594262494283,8.705823300436082,1090.822814908905,244.39874741871378,
28,3.925663574793256E-7,0.07242011767537461,0.4057157601559089,2.8050843261416105,-0.8013034099703089,-3.6264848420681983,-6.150109518873089,-6.571615239062169,0.08262594262494283,8.694856240967816,1090.822814908905,244.39874741871378,
29,3.925663574793256E-7,0.07242011767537461,0.40551111746421264,2.8041456265651994,-0.8013034099703089,-3.6264848420681983,-6.150109518873089,-6.571615239062169,0.08262594262494283,8.678568970484635,1090.822814908905,244.39874741871378,
30,3.925663574793256E-7,0.07242011767537461,0.40549147880575526,2.8032081917686935,-0.8013034099703089,-3.6264848420681983,-6.150109518873089,-6.571615239062169,0.08262594262494283,8.678568970484635,1090.822814908905,244.39874741871378,
31,3.925663574793256E-7,0.07242011767537461,0.4054835347522278,2.8011508725574514,-0.8013034099703089,-3.6264848420681983,-6.150109518873089,-6.571615239062169,0.08262594262494283,8.678568970484635,1090.822814908905,244.39874741871378,
32,3.925663574793256E-7,0.07242011767537461,0.40542115624841424,2.7995241616052375,-0.8013034099703089,-3.6264848420681983,-6.150109518873089,-6.571615239062169,0.08262594262494283,8.678568970484635,1090.822814908905,244.39874741871378,
33,3.925663574793256E-7,0.07242011767537461,0.40528175717646975,2.789630157146383,-0.8013034099703089,-3.6264848420681983,-6.150109518873089,-6.571615239062169,0.08262594262494283,8.678568970484635,1090.822814908905,244.39874741871378,
34,3.925663574793256E-7,0.07242011767537461,0.40459234790295784,2.7847674027037845,-0.8013034099703089,-3.6264848420681983,-6.150109518873089,-6.571615239062169,0.08262594262494283,8.678568970484635,1090.822814908905,244.39874741871378,
35,3.925663574793256E-7,0.07242011767537461,0.40382541686025963,2.7827322785321993,-0.8013034100856654,-3.6264848420681983,-6.150109518873089,-6.571615239062169,0.08262594262494283,8.678568970484635,1090.822814908905,244.39874741871378,
36,3.925663574793256E-7,0.07242011767537461,0.4029333540533705,2.775784881974256,-0.8013034100856654,-3.6264848420681983,-6.150109518873089,-6.571615239062169,0.08262594262494283,8.678568970484635,1090.822814908905,244.39874741871378,
37,3.925663574793256E-7,0.07242011767537461,0.4024103574833796,2.772253910042323,-0.8013034100856654,-3.6264848420681983,-6.150109518873089,-6.571615239062169,0.08262594262494283,8.678568970484635,1090.822814908905,244.39874741871378,
38,3.925663574793256E-7,0.07242011767537461,0.40174619836320125,2.7704517085922675,-0.8013034100856654,-3.6264848420681983,-6.150109518873089,-6.571615239062169,0.08262594262494283,8.678568970484635,1090.6071822003,244.39874741871378,
39,3.925663574793256E-7,0.07242011767537461,0.4012882781437864,2.7683329324701487,-0.8013034100856654,-3.6264848420681983,-6.150109518873089,-6.571615239062169,0.08262594262494283,8.678568970484635,1090.6071822003,244.39874741871378,
40,3.925663574793256E-7,0.07242011767537461,0.40054719530800365,2.766933033703265,-0.8013034100856654,-3.6264848420681983,-6.150109518873089,-6.571615239062169,0.08262594262494283,8.678568970484635,1090.6071822003,244.39874741871378,
41,3.925663574793256E-7,0.07242011767537461,0.4003045105133271,2.766034219084061,-0.8013034100856654,-3.6264848420681983,-6.150109518873089,-6.571615239062169,0.08262594262494283,8.678568970484635,1090.6071822003,244.39874741871378,
42,3.925663574793256E-7,0.07242011767537461,0.40016822316096684,2.7653645772607867,-0.8013034100856654,-3.6264848420681983,-6.150109518873089,-6.571615239062169,0.08262594262494283,8.678568970484635,1090.6071822003,244.39874741871378,
43,3.925663574793256E-7,0.07242011767537461,0.40007276445839607,2.7642344607221845,-0.8013034100856654,-3.6264848420681983,-6.150109518873089,-6.571615239062169,0.08262594262494283,8.678568970484635,1090.6071822003,244.39874741871378,
44,3.925663574793256E-7,0.07242011767537461,0.4000428544611749,2.763362095569637,-0.8013034100856654,-3.6264848420681983,-6.150109518873089,-6.571615239062169,0.08262594262494283,8.678568970484635,1090.6071822003,244.39874741871378,
45,3.925663574793256E-7,0.07242011767537461,0.39956518956928727,2.762160937426172,-0.8013034100856654,-3.6264848420681983,-6.150109518873089,-6.571615239062169,0.08262594262494283,8.678568970484635,1090.6071822003,244.39874741871378,
46,3.925663574793256E-7,0.07242011767537461,0.39928431477641046,2.7608414286842615,-0.8013034100856654,-3.6264848420681983,-6.150109518873089,-6.571615239062169,0.08262594262494283,8.678568970484635,1090.6067502042479,244.39874741871378,
47,3.925663574793256E-7,0.07242011767537461,0.3986997702973514,2.7598136834486504,-0.8013034100856654,-3.6264848420681983,-6.150109518873089,-6.571615239062169,0.08262594262494283,8.678568970484635,1090.5454648809066,244.39874741871378,
48,3.925663574793256E-7,0.07242011767537461,0.3985242541670152,2.7589864504141133,-0.8013034100856654,-3.6264848420681983,-6.150109518873089,-6.572212921794087,0.08262594262494283,8.678568970484635,1090.5454648809066,244.39874741871378,
49,3.925663574793256E-7,0.07242011767537461,0.3982529673586892,2.758037137200312,-0.8013034100856654,-3.6264848420681983,-6.150109518873089,-6.572212921794087,0.08262594262494283,8.678568970484635,1090.5454648809066,244.39874741871378,
50,3.925663574793256E-7,0.07242011767537461,0.39751882893352486,2.7574896246160443,-0.8013034100856654,-3.6264848420681983,-6.150109518873089,-6.572212921794087,0.08262594262494283,8.678568970484635,1090.5454648809066,244.31567009945277,
51,3.925663574793256E-7,0.07242011767537461,0.39723614489359305,2.757080927056242,-0.8013034100856654,-3.6264848420681983,-6.154909590859423,-6.572212921794087,0.08262594262494283,8.678568970484635,1090.5454648809066,244.31567009945277,
52,3.925663574793256E-7,0.07242011767537461,0.3968576101842579,2.7560308258012753,-0.8013034100856654,-3.6264848420681983,-6.154909590859423,-6.572212921794087,0.08262594262494283,8.662116254133181,1090.5454648809066,244.31567009945277,
53,3.925663574793256E-7,0.07242011767537461,0.39658877942088283,2.755480140247727,-0.8013034100856654,-3.6264848420681983,-6.154909590859423,-6.572212921794087,0.08262594262494283,8.662116254133181,1090.5454648809066,244.31567009945277,
54,3.925663574793256E-7,0.07242011767537461,0.3955669457260916,2.7548012817375085,-0.8013034100856654,-3.6264848420681983,-6.154909590859423,-6.572212921794087,0.08262594262494283,8.662116254133181,1090.5454648809066,244.31567009945277,
55,3.925663574793256E-7,0.07242011767537461,0.3947632272155793,2.753493705456804,-0.8013034100856654,-3.6264848420681983,-6.154909590859423,-6.572212921794087,0.08262594262494283,8.662116254133181,1090.5454648809066,244.31567009945277,
56,3.925663574793256E-7,0.07242011767537461,0.39454015533046455,2.752616089531687,-0.8013034100856654,-3.6264848420681983,-6.154909590859423,-6.572212921794087,0.08262594262494283,8.662116254133181,1090.5454648809066,244.31567009945277,
57,3.925663574793256E-7,0.07242011767537461,0.39406078090138635,2.7519613978124275,-0.8013034100856654,-3.6267115925648836,-6.154909590859423,-6.572212921794087,0.08262594262494283,8.662116254133181,1090.5454648809066,244.31567009945277,
58,3.925663574793256E-7,0.07242011767537461,0.39379253549262555,2.7507528152922966,-0.8013034100856654,-3.6267115925648836,-6.154909590859423,-6.572212921794087,0.08262594262494283,8.662116254133181,1090.5454648809066,244.31567009945277,
59,3.925663574793256E-7,0.07242011767537461,0.39317040180494284,2.7494617627990907,-0.8013034100856654,-3.6267115925648836,-6.154909590859423,-6.572212921794087,0.08262594262494283,8.662116254133181,1090.5454648809066,244.31567009945277,
60,3.925663574793256E-7,0.07242011767537461,0.3929793911911178,2.748135356593266,-0.8013034100856654,-3.6267115925648836,-6.154909590859423,-6.572212921794087,0.08262594262494283,8.662116254133181,1090.5454648809066,244.31567009945277,
61,3.925663574793256E-7,0.07242011767537461,0.3925415036229876,2.747396044278886,-0.8013034100856654,-3.627342646302123,-6.154909590859423,-6.572212921794087,0.08262594262494283,8.662116254133181,1090.5454648809066,244.31567009945277,
62,3.925663574793256E-7,0.07242011767537461,0.3919997979605179,2.7465792169197267,-0.8013034100856654,-3.6278518881284723,-6.154909590859423,-6.572212921794087,0.08262594262494283,8.662116254133181,1090.5454648809066,244.31567009945277,
63,3.925663574793256E-7,0.07242011767537461,0.39145369873298064,2.7458712535909626,-0.8013034100856654,-3.632638251985347,-6.154909590859423,-6.572212921794087,0.08262594262494283,8.662116254133181,1090.5454648809066,244.31567009945277,
64,3.925663574793256E-7,0.07242011767537461,0.39115673680401725,2.744727234826793,-0.8013034100856654,-3.635867114971301,-6.154909590859423,-6.572212921794087,0.08262594262494283,8.662116254133181,1090.5454648809066,244.31567009945277,
65,3.925663574793256E-7,0.07242011767537461,0.39097541320411405,2.743724513056882,-0.8013034100856654,-3.636276319248354,-6.154909590859423,-6.572212921794087,0.08262594262494283,8.662116254133181,1090.5454648809066,244.31567009945277,
66,3.925663574793256E-7,0.07242011767537461,0.3900549878942463,2.7424028690750917,-0.8013034100856654,-3.6370837830372733,-6.154909590859423,-6.572212921794087,0.08262594262494283,8.662116254133181,1090.5454648809066,244.31567009945277,
67,3.925663574793256E-7,0.07242011767537461,0.3895249767977985,2.740525988187578,-0.8013034100856654,-3.637403026306287,-6.154909590859423,-6.572212921794087,0.08262594262494283,8.662116254133181,1090.5454648809066,244.31567009945277,
68,3.925663574793256E-7,0.07242011767537461,0.38849462261412404,2.7396123212912373,-0.8013034100856654,-3.637403026306287,-6.154909590859423,-6.572212921794087,0.08262594262494283,8.662116254133181,1090.5454648809066,244.31567009945277,
69,3.925663574793256E-7,0.07242011767537461,0.3876687124760098,2.738962695528096,-0.8013034100856654,-3.637403026306287,-6.154909590859423,-6.572212921794087,0.08262594262494283,8.662116254133181,1090.5454648809066,244.31567009945277,
70,3.925663574793256E-7,0.07242011767537461,0.387124510082221,2.737790668407232,-0.8013034100856654,-3.637403026306287,-6.154909590859423,-6.572212921794087,0.08262594262494283,8.662116254133181,1090.5454648809066,244.31567009945277,
71,3.925663574793256E-7,0.07242011767537461,0.38674494361082,2.736938858627185,-0.8013034100856659,-3.637403026306287,-6.154909590859423,-6.572212921794087,0.08262594262494283,8.662116254133181,1090.5454648809066,244.31567009945277,
72,3.925663574793256E-7,0.07242011767537461,0.3859107199514444,2.7359897977477394,-0.8013034100856659,-3.637403026306287,-6.154909590859423,-6.572212921794087,0.08262594262494283,8.662116254133181,1090.5454648809066,244.31567009945277,
73,3.925663574793256E-7,0.07242011767537461,0.3849912094095318,2.7347668383793735,-0.8013034100856659,-3.6378037693724865,-6.154909590859423,-6.572212921794087,0.08262594262494283,8.662116254133181,1090.5454648809066,244.31567009945277,
74,3.925663574793256E-7,0.07242011767537461,0.3846983405977149,2.7336846111097413,-0.8013034100856659,-3.6378037693724865,-6.154909590859423,-6.572212921794087,0.08262594262494283,8.662116254133181,1090.5454648809066,244.31567009945277,
75,3.925663574793256E-7,0.07242011767537461,0.3841442447559575,2.7331320713668488,-0.8013034100856659,-3.6378037693724865,-6.154909590859423,-6.572212921794087,0.08262594262494283,8.662116254133181,1090.5454648809066,244.31567009945277,
76,3.925663574793256E-7,0.07242011767537461,0.3839088138583249,2.732286378362099,-0.8013034100856659,-3.6378037693724865,-6.154909590859423,-6.572212921794087,0.08262594262494283,8.662116254133181,1090.5454648809066,244.31567009945277,
77,3.925663574793256E-7,0.07242011767537461,0.38349606295389194,2.731789954187885,-0.8013034100856659,-3.6378037693724865,-6.154909590859423,-6.572212921794087,0.08262594262494283,8.662116254133181,1090.5454648809066,244.31567009945277,
78,3.925663574793256E-7,0.07242011767537461,0.3834237771567378,2.7309638262598757,-0.8013034100856659,-3.6378037693724865,-6.154909590859423,-6.572212921794087,0.08262594262494283,8.662116254133181,1090.5454648809066,244.31567009945277,
79,3.925663574793256E-7,0.07242011767537461,0.38270055115432083,2.7303392198895047,-0.8013034100856659,-3.6378037693724865,-6.154909590859423,-6.572212921794087,0.08262594262494283,8.662116254133181,1090.5454648809066,244.31567009945277,
80,3.925663574793256E-7,0.07242011767537461,0.3820808864305749,2.729918792971171,-0.8013034100856659,-3.6378037693724865,-6.154909590859423,-6.572212921794087,0.08262594262494283,8.662116254133181,1090.5454648809066,244.31567009945277,
81,3.925663574793256E-7,0.07242011767537461,0.382058263480137,2.729104634416558,-0.8013034100856659,-3.6378037693724865,-6.154909590859423,-6.572212921794087,0.08262594262494283,8.662116254133181,1090.5454648809066,244.31567009945277,
82,3.925663574793256E-7,0.07242011767537461,0.38129997282241374,2.728107533162813,-0.8013034100856659,-3.6378037693724865,-6.154909590859423,-6.572212921794087,0.08262594262494283,8.662116254133181,1090.5454648809066,244.31567009945277,
83,3.925663574793256E-7,0.07242011767537461,0.3804856505164896,2.7273888202831773,-0.8013034100856659,-3.6378037693724865,-6.154909590859423,-6.572212921794087,0.08262594262494283,8.662116254133181,1090.5454648809066,244.31567009945277,
84,3.925663574793256E-7,0.07242011767537461,0.3798447777680936,2.726527276158185,-0.8013034100856659,-3.6378037693724865,-6.154909590859423,-6.572212921794087,0.08262594262494283,8.662116254133181,1090.5454648809066,244.31567009945277,
85,3.925663574793256E-7,0.07242011767537461,0.3796164805465073,2.7258590153469293,-0.8013034100856659,-3.6378037693724865,-6.154909590859423,-6.572212921794087,0.08262594262494283,8.662116254133181,1090.5454648809066,244.31567009945277,
86,3.925663574793256E-7,0.07242011767537461,0.3792639025293697,2.7253051610020695,-0.8013034100856659,-3.6378037693724865,-6.154909590859423,-6.572212921794087,0.08262594262494283,8.662116254133181,1090.5454648809066,244.31567009945277,
87,3.925663574793256E-7,0.07242011767537461,0.3776094458847768,2.724295573769714,-0.8013034100856659,-3.6378037693724865,-6.154909590859423,-6.572212921794087,0.08262594262494283,8.662116254133181,1090.5454648809066,244.31567009945277,
88,3.925663574793256E-7,0.07242011767537461,0.3748267834570253,2.723459864841807,-0.8013034100856659,-3.6378037693724865,-6.154909590859423,-6.572212921794087,0.08262594262494283,8.662116254133181,1090.5454648809066,244.31567009945277,
89,3.925663574793256E-7,0.07242011767537461,0.36902216705223895,2.722974592245065,-0.8013034100856659,-3.6378037693724865,-6.154909590859423,-6.572212921794087,0.08262594262494283,8.662116254133181,1090.5454648809066,244.31567009945277,
90,3.925663574793256E-7,0.07242011767537461,0.3586459319689134,2.7222935533015553,-0.8013034100856659,-3.6378037693724865,-6.154909590859423,-6.572212921794087,0.08262594262494283,8.662116254133181,1090.5454648809066,244.31567009945277,
91,3.925663574793256E-7,0.07242011767537461,0.3532796613891237,2.72171302666478,-0.8013034100856659,-3.6378037693724865,-6.155784254291883,-6.572212921794087,0.08262594262494283,8.662116254133181,1090.5454648809066,244.31567009945277,
92,3.925663574793256E-7,0.07242011767537461,0.3483126211526671,2.7209974948923774,-0.8013034100856659,-3.6378037693724865,-6.155784254291883,-6.572212921794087,0.08262594262494283,8.662116254133181,1090.5454648809066,244.31567009945277,
93,3.925663574793256E-7,0.07242011767537461,0.3460182325677836,2.7203695274526036,-0.8013034100856659,-3.6378037693724865,-6.155784254291883,-6.572212921794087,0.08262594262494283,8.662116254133181,1090.5454648809066,244.31567009945277,
94,3.925663574793256E-7,0.07242011767537461,0.34467105784619967,2.7196238922397966,-0.8013034100856659,-3.6378037693724865,-6.155784254291883,-6.572212921794087,0.08262594262494283,8.662116254133181,1090.5454648809066,244.31567009945277,
95,3.925663574793256E-7,0.07242011767537461,0.3434031416089154,2.719106967180255,-0.8013034100856659,-3.6378037693724865,-6.155784254291883,-6.572212921794087,0.08262594262494283,8.662116254133181,1090.5454648809066,244.31567009945277,
96,3.925663574793256E-7,0.07242011767537461,0.34180485225113466,2.7185496733760286,-0.8013034100856659,-3.6378037693724865,-6.157261561944625,-6.572212921794087,0.08262594262494283,8.662116254133181,1090.5454648809066,244.31567009945277,
97,3.925663574793256E-7,0.07242011767537461,0.33920951182371806,2.7180769980490544,-0.8013034100856659,-3.6378037693724865,-6.157261561944625,-6.572212921794087,0.08262594262494283,8.662116254133181,1090.5454648809066,244.31567009945277,
98,3.925663574793256E-7,0.07242011767537461,0.3382343407517034,2.7176079436374705,-0.8013034100856659,-3.6378037693724865,-6.1588655893515485,-6.572212921794087,0.08262594262494283,8.662116254133181,1090.5454648809066,244.31567009945277,
99,3.925663574793256E-7,0.07242011767537461,0.3375954768408509,2.716891298828961,-0.8013034100856659,-3.6378037693724865,-6.1588655893515485,-6.572212921794087,0.08262594262494283,8.662116254133181,1090.5454648809066,244.31567009945277,
100,3.925663574793256E-7,0.07242011767537461,0.337130526806334,2.7163706838076167,-0.8013034100856659,-3.6378037693724865,-6.1588655893515485,-6.572212921794087,0.08262594262494283,8.645618168037242,1090.5454648809066,244.31567009945277,
101,3.925663574793256E-7,0.07242011767537461,0.3368585277482827,2.715834249277615,-0.8013034100856659,-3.6378037693724865,-6.1588655893515485,-6.572212921794087,0.08262594262494283,8.645618168037242,1090.5454648809066,244.31567009945277,
102,3.925663574793256E-7,0.07242011767537461,0.33643300265574383,2.715471861697968,-0.8013034100856659,-3.6378037693724865,-6.1588655893515485,-6.572212921794087,0.08262594262494283,8.645618168037242,1090.5454648809066,244.31567009945277,
103,3.925663574793256E-7,0.07242011767537461,0.3355882721045014,2.7145456657981732,-0.8013034100856659,-3.6378037693724865,-6.1588655893515485,-6.577614719275017,0.08262594262494283,8.645618168037242,1090.5454648809066,244.31567009945277,
104,3.925663574793256E-7,0.07242011767537461,0.3348737994834592,2.713866926500073,-0.8013034100856659,-3.637945801713531,-6.1588655893515485,-6.577614719275017,0.08262594262494283,8.645618168037242,1090.5454648809066,244.31567009945277,
105,3.925663574793256E-7,0.07242011767537461,0.33413321837676685,2.7129530178744443,-0.8013034100856659,-3.637945801713531,-6.1588655893515485,-6.577614719275017,0.08262594262494283,8.645618168037242,1090.5454648809066,244.31567009945277,
106,3.925663574793256E-7,0.07242011767537461,0.33377538595103695,2.7123099991096327,-0.8013034100856659,-3.637945801713531,-6.1588655893515485,-6.577614719275017,0.08262594262494283,8.645618168037242,1090.5454648809066,244.31567009945277,
107,3.925663574793256E-7,0.07242011767537461,0.33360045518211096,2.7114335325427525,-0.8013034100856659,-3.637945801713531,-6.1588655893515485,-6.577614719275017,0.08262594262494283,8.645618168037242,1090.5454648809066,244.31567009945277,
108,3.925663574793256E-7,0.07242011767537461,0.3327939041575451,2.7101340144551065,-0.8013034100856659,-3.637945801713531,-6.1588655893515485,-6.577614719275017,0.08262594262494283,8.645618168037242,1090.5454648809066,244.31567009945277,
109,3.925663574793256E-7,0.07242011767537461,0.3326190131272952,2.708873803478949,-0.8013034100856659,-3.637945801713531,-6.1588655893515485,-6.577614719275017,0.08262594262494283,8.645618168037242,1090.5454648809066,244.31567009945277,
110,3.925663574793256E-7,0.07242011767537461,0.331799205235457,2.70831390995811,-0.8013034100856659,-3.637945801713531,-6.1588655893515485,-6.577614719275017,0.08262594262494283,8.645618168037242,1090.5454648809066,244.31567009945277,
111,3.925663574793256E-7,0.07242011767537461,0.33142097712059554,2.7074709469335643,-0.8013034100856659,-3.637945801713531,-6.1588655893515485,-6.577614719275017,0.08262594262494283,8.645618168037242,1090.5454648809066,244.31567009945277,
112,3.925663574793256E-7,0.07242011767537461,0.33095733183620146,2.706727944370582,-0.8013034100856659,-3.637945801713531,-6.1588655893515485,-6.577614719275017,0.08262594262494283,8.645618168037242,1090.5454648809066,244.31567009945277,
113,3.925663574793256E-7,0.07242011767537461,0.33004593730051807,2.705965579846261,-0.8013034100856659,-3.637945801713531,-6.1588655893515485,-6.577614719275017,0.08262594262494283,8.645618168037242,1090.5454648809066,244.31567009945277,
114,3.925663574793256E-7,0.07242011767537461,0.32954039386403894,2.7050182232173925,-0.8013034100856659,-3.637945801713531,-6.1588655893515485,-6.577614719275017,0.08262594262494283,8.645618168037242,1090.5454648809066,244.31567009945277,
115,3.925663574793256E-7,0.07242011767537461,0.32837078049749513,2.703479930291277,-0.8013034100856659,-3.637945801713531,-6.1588655893515485,-6.577614719275017,0.08262594262494283,8.645618168037242,1090.5454648809066,244.30391928996147,
116,3.925663574793256E-7,0.07242011767537461,0.3260002882585445,2.7021808166253383,-0.8013034100861773,-3.6395543971414313,-6.1588655893515485,-6.577614719275017,0.08262594262494283,8.645618168037242,1090.5454648809066,244.30391928996147,
117,3.925663574793256E-7,0.07242011767537461,0.3220146137789273,2.7016445954309463,-0.8013034100861773,-3.6395543971414313,-6.1588655893515485,-6.577614719275017,0.08262594262494283,8.645618168037242,1090.5454648809066,244.30391928996147,
118,3.925663574793256E-7,0.07242011767537461,0.3180283826413941,2.7005707854825314,-0.8013034100861773,-3.6395543971414313,-6.1588655893515485,-6.577614719275017,0.08262594262494283,8.645618168037242,1090.5454648809066,244.30391928996147,
119,3.925663574793256E-7,0.07242011767537461,0.31690899442495374,2.699470218281968,-0.8013034100861773,-3.6395543971414313,-6.1588655893515485,-6.577614719275017,0.08262594262494283,8.645618168037242,1090.5454648809066,244.30391928996147,
120,3.925663574793256E-7,0.07242011767537461,0.31509406228245346,2.6982424031555827,-0.8013034100861773,-3.6395543971414313,-6.1588655893515485,-6.577614719275017,0.08262594262494283,8.645618168037242,1090.5454648809066,244.30391928996147,
121,3.925663574793256E-7,0.07242011767537461,0.3147486604231198,2.6970343038496334,-0.8013034100861773,-3.6401318663483617,-6.1588655893515485,-6.577614719275017,0.08262594262494283,8.645618168037242,1090.5454648809066,244.30391928996147,
122,3.925663574793256E-7,0.07242011767537461,0.3143030778300776,2.6958910463712455,-0.8013034100861773,-3.6402897006448423,-6.1588655893515485,-6.577614719275017,0.08262594262494283,8.645618168037242,1090.5454648809066,244.30391928996147,
123,3.925663574793256E-7,0.07242011767537461,0.31401266816664936,2.6945091660131735,-0.8013034100861773,-3.6406448640226214,-6.1588655893515485,-6.577614719275017,0.08262594262494283,8.645618168037242,1090.5454648809066,244.30391928996147,
124,3.925663574793256E-7,0.07242011767537461,0.31373400779319505,2.693204327300903,-0.8013034100861773,-3.641106701782695,-6.159754345193026,-6.577614719275017,0.08262594262494283,8.645618168037242,1090.5454648809066,244.30391928996147,
125,3.925663574793256E-7,0.07242011767537461,0.31367452389979006,2.6920152916971327,-0.8013034100861773,-3.641106701782695,-6.159754345193026,-6.577614719275017,0.08262594262494283,8.645618168037242,1090.5454648809066,244.30391928996147,
126,3.925663574793256E-7,0.07242011767537461,0.3134246714995226,2.6913294252943136,-0.8013034100861773,-3.641106701782695,-6.159754345193026,-6.577614719275017,0.08262594262494283,8.645618168037242,1090.5454648809066,244.30391928996147,
127,3.925663574793256E-7,0.07242011767537461,0.31264371249833667,2.6902279651005787,-0.8013034100861773,-3.641106701782695,-6.159754345193026,-6.577614719275017,0.08262594262494283,8.645618168037242,1090.5454648809066,244.30391928996147,
128,3.925663574793256E-7,0.07242011767537461,0.3118540152801394,2.6888739267684634,-0.8013034100861773,-3.641106701782695,-6.159754345193026,-6.577614719275017,0.08262594262494283,8.645618168037242,1090.5454648809066,244.30391928996147,
129,3.925663574793256E-7,0.07242011767537461,0.3114896785398989,2.6879494198674774,-0.8013034100861773,-3.641106701782695,-6.159754345193026,-6.577614719275017,0.08262594262494283,8.645618168037242,1090.5252863677254,244.30391928996147,
130,3.925663574793256E-7,0.07242011767537461,0.30987856980184214,2.687297004065898,-0.8013034100861773,-3.641106701782695,-6.159754345193026,-6.577614719275017,0.08262594262494283,8.645618168037242,1090.5252863677254,244.30391928996147,
131,3.925663574793256E-7,0.07242011767537461,0.3092732669473591,2.6868727591835,-0.8013034100861773,-3.641106701782695,-6.159754345193026,-6.577614719275017,0.08262594262494283,8.645618168037242,1090.5252863677254,244.30391928996147,
132,3.925663574793256E-7,0.07242011767537461,0.30868773543555045,2.686349796714574,-0.8013034100861773,-3.641106701782695,-6.159754345193026,-6.577614719275017,0.08262594262494283,8.645618168037242,1090.5252863677254,244.30391928996147,
133,3.925663574793256E-7,0.07242011767537461,0.3050166217191602,2.6856190482199205,-0.8013034100861773,-3.641106701782695,-6.159754345193026,-6.577614719275017,0.08262594262494283,8.645618168037242,1090.5252863677254,244.30391928996147,
134,3.925663574793256E-7,0.07242011767537461,0.3039922940541948,2.6848937096145744,-0.8013034100861773,-3.641106701782695,-6.159754345193026,-6.577614719275017,0.08262594262494283,8.645618168037242,1090.5252863677254,244.30391928996147,
135,3.925663574793256E-7,0.07242011767537461,0.3039230681733203,2.6844658634625196,-0.8013034100861773,-3.641106701782695,-6.159754345193026,-6.577614719275017,0.08262594262494283,8.645618168037242,1090.5252863677254,244.30391928996147,
136,3.925663574793256E-7,0.07242011767537461,0.303845816663687,2.6839628852748207,-0.8013034100861773,-3.6418464498084764,-6.159754345193026,-6.577614719275017,0.08262594262494283,8.638982139402957,1090.5252863677254,244.30391928996147,
137,3.925663574793256E-7,0.07242011767537461,0.30365088534463347,2.683421258865168,-0.8013034100861773,-3.6418464498084764,-6.159754345193026,-6.577614719275017,0.08262594262494283,8.638982139402957,1090.5252863677254,244.30391928996147,
138,3.925663574793256E-7,0.07242011767537461,0.3034178722371487,2.682806943529983,-0.8013034100861773,-3.6418464498084764,-6.159754345193026,-6.577614719275017,0.08262594262494283,8.638982139402957,1090.5252863677254,244.30391928996147,
139,3.925663574793256E-7,0.07242011767537461,0.3033220636636985,2.6819446071664546,-0.8013034100861773,-3.6418464498084764,-6.159754345193026,-6.577614719275017,0.08262594262494283,8.638982139402957,1090.5252863677254,244.30391928996147,
140,3.925663574793256E-7,0.07242011767537461,0.3031540955184949,2.681450065797741,-0.8013034100861773,-3.6418464498084764,-6.159754345193026,-6.579045557889006,0.08262594262494283,8.638982139402957,1090.5252863677254,244.30391928996147,
141,3.925663574793256E-7,0.07242011767537461,0.3028404864699695,2.680636764297675,-0.8013034100861773,-3.6418464498084764,-6.159754345193026,-6.579045557889006,0.08262594262494283,8.638982139402957,1090.5252863677254,244.30391928996147,
142,3.925663574793256E-7,0.07242011767537461,0.3028329679440476,2.6798393850906104,-0.8013034100861773,-3.6418464498084764,-6.159754345193026,-6.579045557889006,0.08262594262494283,8.638982139402957,1090.5252863677254,244.30391928996147,
143,3.925663574793256E-7,0.07242011767537461,0.30233380334613946,2.6786859682089066,-0.8013034100861773,-3.6418464498084764,-6.159754345193026,-6.579045557889006,0.08262594262494283,8.638982139402957,1090.5252863677254,244.30391928996147,
144,3.925663574793256E-7,0.07242011767537461,0.30216614243432993,2.677634457155052,-0.8013034100861773,-3.6418464498084764,-6.159754345193026,-6.579045557889006,0.08262594262494283,8.638982139402957,1090.5252863677254,244.30391928996147,
145,3.925663574793256E-7,0.07242011767537461,0.30179357439308435,2.6767965816491266,-0.8013034100861773,-3.6418464498084764,-6.159754345193026,-6.579045557889006,0.08262594262494283,8.638982139402957,1090.5252863677254,244.30391928996147,
146,3.925663574793256E-7,0.07242011767537461,0.3008340692761269,2.6761850158636156,-0.8013034100861773,-3.6418464498084764,-6.159754345193026,-6.579045557889006,0.08262594262494283,8.638982139402957,1090.5252863677254,244.30391928996147,
147,3.925663574793256E-7,0.07242011767537461,0.3001712132566105,2.6756479406797284,-0.8013034100861773,-3.6418464498084764,-6.159754345193026,-6.579045557889006,0.08262594262494283,8.638982139402957,1090.5252863677254,244.30391928996147,
148,3.925663574793256E-7,0.07242011767537461,0.29974051734079676,2.6749249067214604,-0.8013034100861773,-3.6418464498084764,-6.159754345193026,-6.579045557889006,0.08262594262494283,8.638982139402957,1090.5252863677254,244.30391928996147,
149,3.925663574793256E-7,0.07242011767537461,0.2985132760181011,2.674320931092953,-0.8013034100861773,-3.6418464498084764,-6.159754345193026,-6.579045557889006,0.08262594262494283,8.638982139402957,1090.5252863677254,244.30391928996147,
150,3.925663574793256E-7,0.07242011767537461,0.29829222015342177,2.673682310082087,-0.8013034100861773,-3.6418464498084764,-6.159754345193026,-6.579045557889006,0.08262594262494283,8.638982139402957,1090.5252863677254,244.30391928996147,
151,3.925663574793256E-7,0.07242011767537461,0.2975072203906582,2.672835249094494,-0.8013034100861773,-3.6418464498084764,-6.159754345193026,-6.579045557889006,0.08262594262494283,8.638982139402957,1090.5252863677254,244.30391928996147,
152,3.925663574793256E-7,0.07242011767537461,0.2969755909422113,2.6722395847533233,-0.8013034100861773,-3.6418464498084764,-6.159754345193026,-6.579045557889006,0.08262594262494283,8.638982139402957,1090.5252863677254,244.30391928996147,
153,3.925663574793256E-7,0.07242011767537461,0.29677770488604815,2.6719194043310135,-0.8013034100861773,-3.6418464498084764,-6.159754345193026,-6.579045557889006,0.08262594262494283,8.638982139402957,1090.5252863677254,244.30391928996147,
154,3.925663574793256E-7,0.07242011767537461,0.2964907603551047,2.671379448425209,-0.8013034100861773,-3.6418464498084764,-6.159754345193026,-6.579045557889006,0.08262594262494283,8.638982139402957,1090.5252863677254,244.30391928996147,
155,3.925663574793256E-7,0.07242011767537461,0.29599230162550044,2.670732227229856,-0.8013034100861773,-3.6418464498084764,-6.159754345193026,-6.579045557889006,0.08262594262494283,8.638982139402957,1090.5252863677254,244.30391928996147,
156,3.925663574793256E-7,0.07242011767537461,0.29571361972516236,2.6699905433095,-0.8013034100861773,-3.6418464498084764,-6.159754345193026,-6.579045557889006,0.08262594262494283,8.638982139402957,1090.5252863677254,244.30391928996147,
157,3.925663574793256E-7,0.07242011767537461,0.2953221778350143,2.669153829317808,-0.8013034100861773,-3.6422231164020418,-6.159754345193026,-6.579045557889006,0.08262594262494283,8.638982139402957,1090.5252863677254,244.30391928996147,
158,3.925663574793256E-7,0.07242011767537461,0.2945385108647139,2.668425656870646,-0.8013034100861773,-3.6422231164020418,-6.159754345193026,-6.579045557889006,0.08262594262494283,8.638982139402957,1090.5252863677254,244.29552355354195,
159,3.925663574793256E-7,0.07242011767537461,0.29412764929988544,2.667901251871112,-0.8013034100861773,-3.6422231164020418,-6.159754345193026,-6.579045557889006,0.08262594262494283,8.638982139402957,1090.5252863677254,244.18577391621878,
160,3.925663574793256E-7,0.07242011767537461,0.29292577561513117,2.6672828078592703,-0.8013034100861773,-3.642275441167329,-6.159754345193026,-6.579045557889006,0.08262594262494283,8.638982139402957,1090.5252863677254,244.18577391621878,
161,3.925663574793256E-7,0.07242011767537461,0.2920258816148178,2.666704530957196,-0.801303410086178,-3.642275441167329,-6.159754345193026,-6.579045557889006,0.08262594262494283,8.638982139402957,1090.5252863677254,244.18577391621878,
162,3.925663574793256E-7,0.07242011767537461,0.2916589155516961,2.6661480322472073,-0.801303410086178,-3.642275441167329,-6.159754345193026,-6.579045557889006,0.08262594262494283,8.638982139402957,1090.5252863677254,244.18577391621878,
163,3.925663574793256E-7,0.07242011767537461,0.29087679100474223,2.6657004063887055,-0.801303410086178,-3.6431694714118517,-6.159754345193026,-6.579045557889006,0.08262594262494283,8.638982139402957,1090.5252863677254,244.18577391621878,
164,3.925663574793256E-7,0.07242011767537461,0.2907862503727852,2.6649209921426245,-0.801303410086178,-3.6433959111681036,-6.159754345193026,-6.579045557889006,0.08262594262494283,8.638982139402957,1090.5252863677254,244.18577391621878,
165,3.925663574793256E-7,0.07242011767537461,0.2906549827452773,2.664453664353878,-0.801303410086178,-3.6435790752372705,-6.159754345193026,-6.579045557889006,0.08262594262494283,8.638982139402957,1090.5252863677254,244.18577391621878,
166,3.925663574793256E-7,0.07242011767537461,0.2903136125593122,2.6641635338977876,-0.801303410086178,-3.6435790752372705,-6.159754345193026,-6.579045557889006,0.08262594262494283,8.638982139402957,1090.5252863677254,244.18577391621878,
167,3.925663574793256E-7,0.07242011767537461,0.29013970008684103,2.6637009831193303,-0.801303410086178,-3.6436002284066,-6.159754345193026,-6.579045557889006,0.08262594262494283,8.638982139402957,1090.5252863677254,244.18577391621878,
168,3.925663574793256E-7,0.07242011767537461,0.2900746228739054,2.6628997967188663,-0.801303410086178,-3.6436002284066,-6.159754345193026,-6.579045557889006,0.08262594262494283,8.638982139402957,1090.5252863677254,244.18577391621878,
169,3.925663574793256E-7,0.07242011767537461,0.28955769035881607,2.6620352926532513,-0.801303410086178,-3.6436002284066,-6.159754345193026,-6.579045557889006,0.08262594262494283,8.625008015873407,1090.5252863677254,244.18577391621878,
170,3.925663574793256E-7,0.07242011767537461,0.2890717095399867,2.660567640920119,-0.801303410086178,-3.6436002284066,-6.159754345193026,-6.579045557889006,0.08262594262494283,8.625008015873407,1090.5252863677254,244.18577391621878,
171,3.925663574793256E-7,0.07242011767537461,0.28878210834566026,2.6596026387510303,-0.801303410086178,-3.6436002284066,-6.159754345193026,-6.579045557889006,0.08262594262494283,8.625008015873407,1090.5252863677254,244.18577391621878,
172,3.925663574793256E-7,0.07242011767537461,0.288662622874349,2.6590644869007063,-0.801303410086178,-3.6436002284066,-6.159754345193026,-6.579045557889006,0.08262594262494283,8.625008015873407,1090.5252863677254,244.18577391621878,
173,3.925663574793256E-7,0.07242011767537461,0.2883267067166308,2.6584307153651867,-0.801303410086178,-3.6436002284066,-6.159754345193026,-6.579045557889006,0.08262594262494283,8.625008015873407,1090.5252863677254,244.18577391621878,
174,3.925663574793256E-7,0.07242011767537461,0.2882465745717855,2.657450705422926,-0.801303410086178,-3.6436002284066,-6.159754345193026,-6.579045557889006,0.08262594262494283,8.625008015873407,1090.5252863677254,244.18577391621878,
175,3.925663574793256E-7,0.07242011767537461,0.28816108671561413,2.6562151930477325,-0.801303410086178,-3.6436002284066,-6.159754345193026,-6.579045557889006,0.08262594262494283,8.625008015873407,1090.5252863677254,244.18577391621878,
176,3.925663574793256E-7,0.07242011767537461,0.28777402773863175,2.6553185428331263,-0.801303410086178,-3.6436002284066,-6.159754345193026,-6.579045557889006,0.08262594262494283,8.625008015873407,1090.5252863677254,244.18577391621878,
177,3.925663574793256E-7,0.07242011767537461,0.2877523856838769,2.654312648785597,-0.801303410086178,-3.6436002284066,-6.159754345193026,-6.579045557889006,0.08262594262494283,8.625008015873407,1090.5252863677254,244.18577391621878,
178,3.925663574793256E-7,0.07242011767537461,0.28766191809661756,2.653602616967709,-0.801303410086178,-3.6436002284066,-6.159754345193026,-6.579045557889006,0.08262594262494283,8.625008015873407,1090.5252863677254,244.18577391621878,
179,3.925663574793256E-7,0.07242011767537461,0.2875672712131305,2.6530399385585137,-0.801303410086178,-3.6436002284066,-6.159754345193026,-6.579045557889006,0.08262594262494283,8.625008015873407,1090.5252863677254,244.18577391621878,
180,3.925663574793256E-7,0.07242011767537461,0.2875131634606738,2.6523537488615947,-0.801303410086178,-3.6436002284066,-6.159754345193026,-6.579045557889006,0.08262594262494283,8.625008015873407,1090.5252863677254,244.18577391621878,
181,3.925663574793256E-7,0.07242011767537461,0.2874661158507403,2.651352225155491,-0.801303410086178,-3.6436002284066,-6.159754345193026,-6.579045557889006,0.08262594262494283,8.625008015873407,1090.5252863677254,244.18577391621878,
182,3.925663574793256E-7,0.07242011767537461,0.2872265267940487,2.6506615732391063,-0.801303410086178,-3.6436002284066,-6.17097829206775,-6.579045557889006,0.08262594262494283,8.625008015873407,1090.5252863677254,244.18577391621878,
183,3.925663574793256E-7,0.07242011767537461,0.28671819808772225,2.6499265821624447,-0.801303410086178,-3.6436002284066,-6.17097829206775,-6.579045557889006,0.08262594262494283,8.625008015873407,1090.5252863677254,244.18577391621878,
184,3.925663574793256E-7,0.07242011767537461,0.28661614243646344,2.6489612553784387,-0.801303410086178,-3.6436002284066,-6.17097829206775,-6.579045557889006,0.08262594262494283,8.625008015873407,1090.5252863677254,244.18577391621878,
185,3.925663574793256E-7,0.07242011767537461,0.2859649014936263,2.648341399039743,-0.8013034100871803,-3.6436002284066,-6.17097829206775,-6.579045557889006,0.08262594262494283,8.625008015873407,1090.5252863677254,244.18577391621878,
186,3.925663574793256E-7,0.07242011767537461,0.2855571756238326,2.6477895591915197,-0.8013034100871803,-3.6436002284066,-6.17097829206775,-6.579045557889006,0.08262594262494283,8.625008015873407,1090.5252863677254,244.18577391621878,
187,3.925663574793256E-7,0.07242011767537461,0.2851853748463236,2.647080227128596,-0.8013034100871803,-3.6436002284066,-6.17097829206775,-6.579045557889006,0.08262594262494283,8.625008015873407,1090.5252863677254,244.18577391621878,
188,3.925663574793256E-7,0.07242011767537461,0.28505009791443037,2.6464333668037052,-0.8013034100871803,-3.6436002284066,-6.17097829206775,-6.579045557889006,0.08262594262494283,8.625008015873407,1090.5252863677254,244.18577391621878,
189,3.925663574793256E-7,0.07242011767537461,0.28501490394182044,2.645796379778635,-0.8013034100871803,-3.6436002284066,-6.17097829206775,-6.579045557889006,0.08262594262494283,8.625008015873407,1090.5252863677254,244.18577391621878,
190,3.925663574793256E-7,0.07242011767537461,0.28453334653690954,2.645151610982674,-0.8013034100871803,-3.6436002284066,-6.171335569785508,-6.579045557889006,0.08262594262494283,8.625008015873407,1090.5252863677254,244.18577391621878,
191,3.925663574793256E-7,0.07242011767537461,0.28453079497754336,2.6447427314187424,-0.8013034100871803,-3.6436002284066,-6.171335569785508,-6.579045557889006,0.08262594262494283,8.625008015873407,1090.5252863677254,244.18577391621878,
192,3.925663574793256E-7,0.07242011767537461,0.2843959564210743,2.6438207820562765,-0.8013034100871803,-3.6436285385583504,-6.171335569785508,-6.579045557889006,0.08262594262494283,8.625008015873407,1090.5252863677254,244.18577391621878,
193,3.925663574793256E-7,0.07242011767537461,0.2841580851944676,2.643133529761652,-0.8013034100871803,-3.6436285385583504,-6.171335569785508,-6.579045557889006,0.08262594262494283,8.625008015873407,1090.5252863677254,244.18577391621878,
194,3.925663574793256E-7,0.07242011767537461,0.2840511142471091,2.6426940199094098,-0.8013034100871803,-3.6436285385583504,-6.171335569785508,-6.579045557889006,0.08262594262494283,8.625008015873407,1090.5252863677254,244.18577391621878,
195,3.925663574793256E-7,0.07242011767537461,0.2838947497232203,2.642101277758543,-0.8013034100871803,-3.6436285385583504,-6.171335569785508,-6.579045557889006,0.08262594262494283,8.625008015873407,1090.5252863677254,244.18577391621878,
196,3.925663574793256E-7,0.07242011767537461,0.28367409406642097,2.6416629519967314,-0.8013034100871803,-3.6436285385583504,-6.171335569785508,-6.579045557889006,0.08262594262494283,8.625008015873407,1090.5252863677254,244.18577391621878,
197,3.925663574793256E-7,0.07242011767537461,0.2833202676352856,2.640797689789751,-0.8013034100871803,-3.6436285385583504,-6.171335569785508,-6.579045557889006,0.08262594262494283,8.625008015873407,1090.5252863677254,244.18577391621878,
198,3.925663574793256E-7,0.07242011767537461,0.28297872867998586,2.6400060594827943,-0.8013034100871803,-3.6436285385583504,-6.171335569785508,-6.579045557889006,0.08262594262494283,8.625008015873407,1090.5252863677254,244.18577391621878,
199,3.925663574793256E-7,0.07242011767537461,0.28257107722891,2.6395475759291283,-0.8013034100871803,-3.6436285385583504,-6.171335569785508,-6.579045557889006,0.08262594262494283,8.625008015873407,1090.5252863677254,244.18577391621878,
200,3.925663574793256E-7,0.07242011767537461,0.28243167679617603,2.6387316669574203,-0.8013034100871803,-3.6436285385583504,-6.171335569785508,-6.579045557889006,0.08262594262494283,8.625008015873407,1090.5252863677254,244.18577391621878,
201,3.925663574793256E-7,0.07242011767537461,0.2823307586072786,2.638095039057953,-0.8013034100871803,-3.6436285385583504,-6.171335569785508,-6.579045557889006,0.08262594262494283,8.625008015873407,1090.5252863677254,244.18577391621878,
202,3.925663574793256E-7,0.07242011767537461,0.28221798302406753,2.637463483153819,-0.8013034100871803,-3.6436285385583504,-6.171335569785508,-6.579045557889006,0.08262594262494283,8.625008015873407,1090.5252863677254,244.18577391621878,
203,3.925663574793256E-7,0.07242011767537461,0.28186947570279197,2.6368189946142206,-0.8013034100871803,-3.6436285385583504,-6.171335569785508,-6.579045557889006,0.08262594262494283,8.625008015873407,1090.5252863677254,244.18577391621878,
204,3.925663574793256E-7,0.07242011767537461,0.28175631518031535,2.6361253037333148,-0.8013034100871803,-3.6436285385583504,-6.171335569785508,-6.579045557889006,0.08262594262494283,8.625008015873407,1090.5252863677254,244.18577391621878,
205,3.925663574793256E-7,0.07242011767537461,0.28152031206069045,2.635332248385817,-0.8013034100871803,-3.6436285385583504,-6.171335569785508,-6.579045557889006,0.08262594262494283,8.625008015873407,1090.5252863677254,244.18577391621878,
206,3.925663574793256E-7,0.07242011767537461,0.28144699481358154,2.6343643878687377,-0.8013034100871803,-3.6436285385583504,-6.171335569785508,-6.579045557889006,0.08262594262494283,8.625008015873407,1090.5252863677254,244.18577391621878,
207,3.925663574793256E-7,0.07242011767537461,0.28136836312147034,2.6328740248912323,-0.8013034100871803,-3.6436285385583504,-6.171335569785508,-6.579045557889006,0.08101677574307525,8.625008015873407,1090.5252863677254,244.18577391621878,
208,3.925663574793256E-7,0.07242011767537461,0.2813247453596384,2.631772228025055,-0.8013034100871803,-3.6436285385583504,-6.171335569785508,-6.579045557889006,0.08101677574307525,8.625008015873407,1090.5252863677254,244.18577391621878,
209,3.925663574793256E-7,0.07242011767537461,0.2813091022274748,2.6307996095891992,-0.8013034100871803,-3.6436285385583504,-6.171335569785508,-6.579045557889006,0.08101677574307525,8.625008015873407,1090.5252863677254,244.18577391621878,
210,3.925663574793256E-7,0.07242011767537461,0.28127822332369756,2.6301603188480764,-0.8013034100871803,-3.6436285385583504,-6.171335569785508,-6.579045557889006,0.08101677574307525,8.625008015873407,1090.5252863677254,244.18577391621878,
211,3.925663574793256E-7,0.07242011767537461,0.2812234119239532,2.6291945656052373,-0.8013034100871803,-3.6436285385583504,-6.171335569785508,-6.579045557889006,0.08101677574307525,8.625008015873407,1090.5252863677254,244.18577391621878,
212,3.925663574793256E-7,0.07242011767537461,0.28072607998211635,2.6284647646203054,-0.8013034100871803,-3.6436285385583504,-6.171335569785508,-6.579045557889006,0.08101677574307525,8.625008015873407,1090.5252863677254,244.18577391621878,
213,3.925663574793256E-7,0.07242011767537461,0.28058325582289667,2.6276141767159586,-0.8013034100871803,-3.6436285385583504,-6.171335569785508,-6.579045557889006,0.08101677574307525,8.625008015873407,1090.5252863677254,244.18577391621878,
214,3.925663574793256E-7,0.07242011767537461,0.28027515630458644,2.6264408175884415,-0.8013034100871803,-3.6436285385583504,-6.171335569785508,-6.579045557889006,0.08101677574307525,8.625008015873407,1090.5252863677254,244.18577391621878,
215,3.925663574793256E-7,0.07242011767537461,0.2799962180644047,2.6254484487504444,-0.8013034100871803,-3.6436285385583504,-6.171335569785508,-6.579045557889006,0.08101677574307525,8.625008015873407,1090.5252863677254,244.18577391621878,
216,3.925663574793256E-7,0.07242011767537461,0.27990034504116035,2.6240376099575466,-0.8013034100871803,-3.6436285385583504,-6.171335569785508,-6.579045557889006,0.08101677574307525,8.625008015873407,1090.5252863677254,244.18577391621878,
217,3.925663574793256E-7,0.07184866334401316,0.27956261532574533,2.6232823668349736,-0.8013034100871803,-3.6436285385583504,-6.171335569785508,-6.579045557889006,0.08101677574307525,8.625008015873407,1090.5252863677254,244.18577391621878,
218,3.925663574793256E-7,0.07170843550960333,0.27914484797716926,2.6227273475138086,-0.8013034100871803,-3.6436285385583504,-6.171335569785508,-6.579045557889006,0.08101677574307525,8.625008015873407,1090.5252863677254,244.18577391621878,
219,3.925663574793256E-7,0.07170231243959146,0.2786590010465303,2.6221323138140313,-0.8013034100871803,-3.6436285385583504,-6.171335569785508,-6.579045557889006,0.08101677574307525,8.625008015873407,1090.5252863677254,244.18577391621878,
220,3.925663574793256E-7,0.07170231243959146,0.2784783065846151,2.6212595120239,-0.8013034100871803,-3.6436285385583504,-6.171335569785508,-6.579045557889006,0.08101677574307525,3.8126749561433577,1090.5252863677254,244.18577391621878,
221,3.925663574793256E-7,0.07120278560982604,0.2781811577102091,2.6207326045055983,-0.8013034100871803,-3.6436285385583504,-6.171335569785508,-6.579045557889006,0.08101677574307525,3.172089212131538,1090.5252863677254,244.18577391621878,
222,3.925663574793256E-7,0.07118532089017292,0.27773382743308905,2.6202089249178577,-0.8013034100871803,-3.6436285385583504,-6.171335569785508,-6.579045557889006,0.08101677574307525,3.172089212131538,1090.5252863677254,244.18577391621878,
223,3.925663574793256E-7,0.07118532089017292,0.2774591770237535,2.6196696757514055,-0.8013034100871803,-3.6436285385583504,-6.171335569785508,-6.579045557889006,0.08101677574307525,0.973564456121924,1090.5252863677254,244.18577391621878,
224,3.925663574793256E-7,0.07118532089017292,0.27726977832357563,2.6190957288662244,-0.8013034100871803,-3.6436285385583504,-6.171335569785508,-6.579045557889006,0.08101677574307525,0.7670140956997122,1090.5252863677254,244.18577391621878,
225,3.925663574793256E-7,0.07118532089017292,0.27705218800348863,2.618427498189543,-0.8013034100871803,-3.6436285385583504,-6.171335569785508,-6.579045557889006,0.08101677574307525,0.7670140956997122,1090.5252863677254,244.18577391621878,
226,3.925663574793256E-7,0.07118532089017292,0.27696774724386775,2.6176372023404095,-0.8013034100871803,-3.6436285385583504,-6.171335569785508,-6.579045557889006,0.08101677574307525,0.7670140956997122,1090.5252863677254,244.18577391621878,
227,3.925663574793256E-7,0.07118532089017292,0.2769288492163014,2.6168247855520534,-0.8013034100871803,-3.6436285385583504,-6.171335569785508,-6.579045557889006,0.08101677574307525,0.7670140956997122,1090.5252863677254,244.18577391621878,
228,3.925663574793256E-7,0.07118532089017292,0.27685018796302113,2.6156266305799543,-0.8013034100871803,-3.6436285385583504,-6.171335569785508,-6.579045557889006,0.08101677574307525,0.7670140956997122,1090.5252863677254,244.18577391621878,
229,3.925663574793256E-7,0.07118532089017292,0.27677160906061504,2.6147196533500248,-0.8013034100871803,-3.6436285385583504,-6.171335569785508,-6.579045557889006,0.08101677574307525,0.7670140956997122,1090.5252863677254,244.18577391621878,
230,3.925663574793256E-7,0.07118532089017292,0.27666259572474283,2.613978192149992,-0.8013034100871803,-3.6436285385583504,-6.171335569785508,-6.579045557889006,0.08101677574307525,0.7670140956997122,1090.5252863677254,244.18577391621878,
231,3.925663574793256E-7,0.07118532089017292,0.2765521221093441,2.6132510987379653,-0.8013034100871803,-3.6436285385583504,-6.171335569785508,-6.579045557889006,0.08101677574307525,0.7670140956997122,1090.5252863677254,244.18577391621878,
232,3.925663574793256E-7,0.07118532089017292,0.2765521221093441,2.61240355214073,-0.8013034100871803,-3.6436285385583504,-6.171335569785508,-6.579045557889006,0.08101677574307525,0.7670140956997122,1090.5252863677254,244.18577391621878,
233,3.925663574793256E-7,0.07118532089017292,0.2764373268186392,2.6118427418263233,-0.8013034100871803,-3.6436285385583504,-6.171335569785508,-6.579045557889006,0.08101677574307525,0.7670140956997122,1090.5252863677254,244.18577391621878,
234,3.925663574793256E-7,0.07118532089017292,0.2763387566116862,2.6114956397476874,-0.8013034100871803,-3.6436285385583504,-6.171335569785508,-6.579045557889006,0.08101677574307525,0.7670140956997122,1090.5252863677254,244.18577391621878,
235,3.925663574793256E-7,0.07118532089017292,0.2762469926338073,2.6110359557055474,-0.8013034100871803,-3.6436285385583504,-6.171335569785508,-6.579045557889006,0.08101677574307525,0.7670140956997122,1090.5252863677254,244.18577391621878,
236,3.925663574793256E-7,0.07118532089017292,0.2762158657985675,2.61048960292786,-0.8013034100871803,-3.6436285385583504,-6.171335569785508,-6.579045557889006,0.08101677574307525,0.7670140956997122,1090.5252863677254,244.18577391621878,
237,3.925663574793256E-7,0.07118532089017292,0.2761608162328216,2.6096316863275635,-0.8013034100871803,-3.6436285385583504,-6.171335569785508,-6.579045557889006,0.08101677574307525,0.7670140956997122,1090.5252863677254,244.18577391621878,
238,3.925663574793256E-7,0.07118532089017292,0.2761097358015714,2.6093273356571625,-0.8013034100871803,-3.6436285385583504,-6.171335569785508,-6.579045557889006,0.08101677574307525,0.7670140956997122,1090.5252863677254,244.18577391621878,
239,3.925663574793256E-7,0.07118532089017292,0.2761097358015714,2.608551058885708,-0.8013034100871803,-3.6436285385583504,-6.171335569785508,-6.579045557889006,0.08101677574307525,0.7670140956997122,1090.5252863677254,244.18577391621878,
240,3.925663574793256E-7,0.07118532089017292,0.27609593202821575,2.6079937089809215,-0.8013034100871803,-3.6436285385583504,-6.171335569785508,-6.579045557889006,0.08101677574307525,0.7670140956997122,1090.5252863677254,244.18577391621878,
241,3.925663574793256E-7,0.07118532089017292,0.27609593202821575,2.60722698004832,-0.8013034100871803,-3.6436285385583504,-6.171335569785508,-6.579045557889006,0.08101677574307525,0.7670140956997122,1090.5252863677254,244.18577391621878,
242,3.925663574793256E-7,0.07118532089017292,0.27609180886654433,2.606403443346939,-0.8013034100871803,-3.6436285385583504,-6.171335569785508,-6.579045557889006,0.08101677574307525,0.7670140956997122,1090.5252863677254,244.18577391621878,
243,3.925663574793256E-7,0.07118532089017292,0.2760225859508205,2.605879897520925,-0.8013034100871803,-3.6436285385583504,-6.171335569785508,-6.579045557889006,0.08101677574307525,0.7670140956997122,1090.5252863677254,244.18577391621878,
244,3.925663574793256E-7,0.07042428912593438,0.27532784054502285,2.6055392111436477,-0.8013034100975108,-3.6436285385583504,-6.171335569785508,-6.579045557889006,0.08101677574307525,0.7670140956997122,1090.5252863677254,244.18577391621878,
245,3.925663574793256E-7,0.07042428912593438,0.27511780782699935,2.6047731601633966,-0.8013034100975108,-3.6436285385583504,-6.171335569785508,-6.579045557889006,0.08101677574307525,0.7670140956997122,1090.5252863677254,244.18577391621878,
246,3.925663574793256E-7,0.07040085184790883,0.2747927044040917,2.6040286002747797,-0.8013034100975108,-3.6436285385583504,-6.171335569785508,-6.579045557889006,0.08101677574307525,0.7670140956997122,1090.5252863677254,244.18577391621878,
247,3.925663574793256E-7,0.07040085184790883,0.27462989404572175,2.6033256222720156,-0.8013034100975108,-3.6436285385583504,-6.171335569785508,-6.579045557889006,0.08101677574307525,0.7670140956997122,1090.5252863677254,244.18577391621878,
248,3.925663574793256E-7,0.07040085184790883,0.2744192259681837,2.6025581940646227,-0.8013034100975108,-3.6436285385583504,-6.171335569785508,-6.579045557889006,0.08101677574307525,0.7670140956997122,1090.5252863677254,244.18577391621878,
249,3.925663574793256E-7,0.07040085184790883,0.2744192259681837,2.602139453627387,-0.8013034100975108,-3.6436285385583504,-6.171335569785508,-6.579045557889006,0.08101677574307525,0.7670140956997122,1090.5252863677254,244.18577391621878,
250,3.925663574793256E-7,0.07040085184790883,0.2744090470968151,2.6012528701622704,-0.8013034100975108,-3.6436285385583504,-6.171335569785508,-6.579045557889006,0.08101677574307525,0.7670140956997122,1090.5252863677254,244.18577391621878,
251,3.925663574793256E-7,0.07040085184790883,0.2744090470968151,2.6004921464820976,-0.8013034100975108,-3.6436285385583504,-6.171335569785508,-6.579045557889006,0.08101677574307525,0.7670140956997122,1090.5252863677254,244.18577391621878,
252,3.925663574793256E-7,0.07040085184790883,0.274185341485613,2.5997059903126885,-0.8013034100975108,-3.6436285385583504,-6.171335569785508,-6.579045557889006,0.08101677574307525,0.7670140956997122,1090.5252863677254,244.18577391621878,
253,3.925663574793256E-7,0.07040085184790883,0.2741775686656706,2.5991748495472904,-0.8013034100975108,-3.6436285385583504,-6.171335569785508,-6.579045557889006,0.08101677574307525,0.7670140956997122,1090.5252863677254,244.18577391621878,
254,3.925663574793256E-7,0.07040085184790883,0.2741359943533372,2.598274827214723,-0.8013034100975108,-3.6436285385583504,-6.171335569785508,-6.579045557889006,0.08101677574307525,0.7670140956997122,1090.5252863677254,244.18577391621878,
255,3.925663574793256E-7,0.07040085184790883,0.27397165885712077,2.5969059701184816,-0.8013034100975108,-3.6436285385583504,-6.171335569785508,-6.579045557889006,0.08101677574307525,0.7670140956997122,1090.5252863677254,244.18577391621878,
256,3.925663574793256E-7,0.07040085184790883,0.27396804138834735,2.5958990720061443,-0.8013034100975108,-3.6436285385583504,-6.171335569785508,-6.579045557889006,0.08101677574307525,0.7670140956997122,1090.5252863677254,244.18577391621878,
257,3.925663574793256E-7,0.07040085184790883,0.27394347416141646,2.5952327996552254,-0.8013034100975108,-3.6436285385583504,-6.171335569785508,-6.579045557889006,0.08101677574307525,0.7670140956997122,1090.5252863677254,244.18577391621878,
258,3.925663574793256E-7,0.07040085184790883,0.2739162424259847,2.5945125011227437,-0.8013034100975108,-3.6436285385583504,-6.171707858499692,-6.579045557889006,0.08101677574307525,0.7670140956997122,1090.5252863677254,244.18577391621878,
259,3.925663574793256E-7,0.07040085184790883,0.2738556388214563,2.5940136811088426,-0.8013034100975108,-3.6436285385583504,-6.171707858499692,-6.579045557889006,0.08101677574307525,0.7670140956997122,1090.5252863677254,244.18577391621878,
260,3.925663574793256E-7,0.07040085184790883,0.2738556388214563,2.593454310663396,-0.8013034100975108,-3.6436285385583504,-6.171707858499692,-6.579045557889006,0.08101677574307525,0.7670140956997122,1090.5252863677254,244.18577391621878,
261,3.925663574793256E-7,0.07040085184790883,0.2738556388214563,2.593007977021232,-0.8013034100975108,-3.6436285385583504,-6.171707858499692,-6.579045557889006,0.08101677574307525,0.7670140956997122,1090.5252863677254,244.18577391621878,
262,3.925663574793256E-7,0.07040085184790883,0.2738556388214563,2.592517613215376,-0.8013034100975108,-3.6436285385583504,-6.171707858499692,-6.579045557889006,0.08101677574307525,0.7670140956997122,1090.5252863677254,244.18577391621878,
263,3.925663574793256E-7,0.07040085184790883,0.2736777716561391,2.592123993920332,-0.8013034100975108,-3.6436285385583504,-6.171707858499692,-6.579045557889006,0.08101677574307525,0.7670140956997122,1090.5252863677254,244.18577391621878,
264,3.925663574793256E-7,0.07040085184790883,0.27332716883831093,2.591674428702385,-0.8013034100975108,-3.6436285385583504,-6.171707858499692,-6.579045557889006,0.08101677574307525,0.7670140956997122,1090.5252863677254,244.18577391621878,
265,3.925663574793256E-7,0.07040085184790883,0.2732995323902483,2.590912433697099,-0.8013034100975108,-3.6436285385583504,-6.171707858499692,-6.579045557889006,0.08101677574307525,0.7670140956997122,1090.5252863677254,244.1446925244291,
266,3.925663574793256E-7,0.07040085184790883,0.27306252635702793,2.5903191074107728,-0.8013034100975108,-3.6436285385583504,-6.171707858499692,-6.579045557889006,0.08101677574307525,0.7670140956997122,1090.5252863677254,244.1446925244291,
267,3.925663574793256E-7,0.07040085184790883,0.27306159646291034,2.589823320672322,-0.8013034100975108,-3.6436285385583504,-6.171707858499692,-6.579045557889006,0.08101677574307525,0.7670140956997122,1090.5252863677254,244.1446925244291,
268,3.925663574793256E-7,0.07040085184790883,0.27306159646291034,2.5892332550521444,-0.8013034100975108,-3.6436285385583504,-6.171707858499692,-6.579045557889006,0.08101677574307525,0.7670140956997122,1090.5252863677254,244.1446925244291,
269,3.925663574793256E-7,0.07040085184790883,0.27286980296109875,2.588769158928888,-0.8013034100975108,-3.6436285385583504,-6.171707858499692,-6.579045557889006,0.08101677574307525,0.7670140956997122,1090.5252863677254,244.1446925244291,
270,3.925663574793256E-7,0.07040085184790883,0.2727064972847384,2.5879941709179852,-0.8013034100975108,-3.6436285385583504,-6.171707858499692,-6.579045557889006,0.08101677574307525,0.7670140956997122,1090.5252863677254,244.1446925244291,
271,3.925663574793256E-7,0.07040085184790883,0.2719244245265065,2.587337575630847,-0.8013034100975108,-3.6436285385583504,-6.171707858499692,-6.579045557889006,0.08101677574307525,0.7670140956997122,1090.5252863677254,244.1446925244291,
272,3.925663574793256E-7,0.07040085184790883,0.27158739098166285,2.5867222737675455,-0.8013034100975108,-3.6436285385583504,-6.171707858499692,-6.579045557889006,0.08101677574307525,0.7670140956997122,1090.5252863677254,244.1446925244291,
273,3.925663574793256E-7,0.07040085184790883,0.2714968078865945,2.5861738462418646,-0.8013034100975108,-3.6436285385583504,-6.171707858499692,-6.579045557889006,0.08101677574307525,0.7670140956997122,1090.5252863677254,244.1446925244291,
274,3.925663574793256E-7,0.07040085184790883,0.27109916973127873,2.5853043387012087,-0.8013034100975108,-3.6436285385583504,-6.171707858499692,-6.579045557889006,0.08101677574307525,0.7670140956997122,1090.5252863677254,244.1446925244291,
275,3.925663574793256E-7,0.07040085184790883,0.27093359169205034,2.584421825572041,-0.8013034100975108,-3.6436285385583504,-6.171707858499692,-6.579045557889006,0.08101677574307525,0.7670140956997122,1090.5252863677254,244.1446925244291,
276,3.925663574793256E-7,0.07040085184790883,0.27076665646887577,2.58362360677344,-0.8013034100975108,-3.6436285385583504,-6.171707858499692,-6.579045557889006,0.08101677574307525,0.7670140956997122,1090.5252863677254,244.1446925244291,
277,3.925663574793256E-7,0.07040085184790883,0.26973001870885593,2.583196981670447,-0.8013034100975108,-3.6436285385583504,-6.171707858499692,-6.579045557889006,0.08101677574307525,0.7670140956997122,1090.5252863677254,244.1446925244291,
278,3.925663574793256E-7,0.07040085184790883,0.2687740835309372,2.582593358434066,-0.8013034100975108,-3.6436285385583504,-6.171707858499692,-6.579045557889006,0.08101677574307525,0.7670140956997122,1090.5252863677254,244.1446925244291,
279,3.925663574793256E-7,0.07040085184790883,0.2687740835309372,2.582210125484941,-0.8013034100975108,-3.6436285385583504,-6.171707858499692,-6.579045557889006,0.08101677574307525,0.7670140956997122,1090.5252863677254,244.1446925244291,
280,3.925663574793256E-7,0.07040085184790883,0.2687740835309372,2.581690748808761,-0.8013034100975108,-3.6436285385583504,-6.171707858499692,-6.579045557889006,0.08101677574307525,0.7670140956997122,1090.5252863677254,244.1446925244291,
281,3.925663574793256E-7,0.07040085184790883,0.26869833985794256,2.581209069746013,-0.8013034100975108,-3.6436285385583504,-6.171707858499692,-6.579045557889006,0.08101677574307525,0.7670140956997122,1090.5252863677254,244.1446925244291,
282,3.925663574793256E-7,0.07040085184790883,0.26869833985794256,2.5806643165430727,-0.8013034100975108,-3.6436285385583504,-6.171707858499692,-6.579045557889006,0.08101677574307525,0.7670140956997122,1090.5252863677254,244.1446925244291,
283,3.925663574793256E-7,0.07040085184790883,0.2685836078943929,2.58008491293283,-0.8013034100975108,-3.6436285385583504,-6.171707858499692,-6.579045557889006,0.08101677574307525,0.7670140956997122,1090.5252863677254,244.1446925244291,
284,3.925663574793256E-7,0.07040085184790883,0.2685836078943929,2.579544279806583,-0.8013034100975108,-3.6436285385583504,-6.171707858499692,-6.579045557889006,0.08101677574307525,0.7670140956997122,1090.5252863677254,244.1446925244291,
285,3.925663574793256E-7,0.07040085184790883,0.2684473122856764,2.578533538521951,-0.8013034100975108,-3.6436285385583504,-6.171707858499692,-6.579045557889006,0.08101677574307525,0.7670140956997122,1090.5252863677254,244.1446925244291,
286,3.925663574793256E-7,0.07040085184790883,0.2681997788862491,2.577900088216403,-0.8013034100975108,-3.6436285385583504,-6.171707858499692,-6.579045557889006,0.08101677574307525,0.7670140956997122,1090.5224833036416,244.1446925244291,
287,3.925663574793256E-7,0.07040085184790883,0.26818291980898895,2.576620441346025,-0.8013034100975108,-3.6436285385583504,-6.171707858499692,-6.579045557889006,0.08101677574307525,0.7670140956997122,1090.5224833036416,244.1446925244291,
288,3.925663574793256E-7,0.07040085184790883,0.2681646399388003,2.5761766886612265,-0.8013034100975108,-3.6436285385583504,-6.171707858499692,-6.579045557889006,0.08101677574307525,0.7670140956997122,1090.5224833036416,244.1446925244291,
289,3.925663574793256E-7,0.07040085184790883,0.2681365483184095,2.5755912364725058,-0.8013034100975108,-3.6436285385583504,-6.171707858499692,-6.579045557889006,0.08101677574307525,0.7670140956997122,1090.5224833036416,244.1446925244291,
290,3.925663574793256E-7,0.07040085184790883,0.2679367733201428,2.5748035299384036,-0.8013034100975108,-3.6436285385583504,-6.171707858499692,-6.579045557889006,0.08101677574307525,0.7670140956997122,1090.5224833036416,244.1446925244291,
291,3.925663574793256E-7,0.07040085184790883,0.26719914833180053,2.5739605535560854,-0.8013034100975108,-3.6436285385583504,-6.171707858499692,-6.579045557889006,0.08101677574307525,0.7670140956997122,1090.5224833036416,244.1446925244291,
292,3.925663574793256E-7,0.07040085184790883,0.26719914833180053,2.5734908837872545,-0.8013034100975108,-3.6436285385583504,-6.171707858499692,-6.579045557889006,0.08101677574307525,0.7670140956997122,1090.5224833036416,244.1446925244291,
293,3.925663574793256E-7,0.07040085184790883,0.26683457785155335,2.572546258508794,-0.8013034100975108,-3.6436285385583504,-6.171707858499692,-6.579045557889006,0.08101677574307525,0.7670140956997122,1090.5224833036416,244.1446925244291,
294,3.925663574793256E-7,0.07040085184790883,0.26634239679515337,2.57207169980468,-0.8013034100975108,-3.6436285385583504,-6.171707858499692,-6.579045557889006,0.08101677574307525,0.7670140956997122,1090.5224833036416,244.1446925244291,
295,3.925663574793256E-7,0.07040085184790883,0.26634239679515337,2.5712122951758545,-0.8013034100975108,-3.6436285385583504,-6.171707858499692,-6.579045557889006,0.08101677574307525,0.7670140956997122,1090.5224833036416,244.1446925244291,
296,3.925663574793256E-7,0.07040085184790883,0.266322928430431,2.570695264610921,-0.8013034100975108,-3.6436285385583504,-6.171707858499692,-6.579045557889006,0.08101677574307525,0.7670140956997122,1090.5224833036416,244.13902305259765,
297,3.925663574793256E-7,0.07040085184790883,0.26631741166849016,2.5697553989268065,-0.8013034100975108,-3.6436285385583504,-6.171707858499692,-6.579045557889006,0.08101677574307525,0.7670140956997122,1090.5224833036416,244.13902305259765,
298,3.925663574793256E-7,0.07040085184790883,0.26630564552313435,2.569042707869745,-0.8013034100975108,-3.6436285385583504,-6.171707858499692,-6.579045557889006,0.08101677574307525,0.7670140956997122,1090.5224833036416,244.13902305259765,
299,3.925663574793256E-7,0.07040085184790883,0.26628580118420303,2.5684364332590195,-0.8013034100975108,-3.6436285385583504,-6.171707858499692,-6.579045557889006,0.08101677574307525,0.7670140956997122,1090.5224833036416,244.13902305259765,
300,3.925663574793256E-7,0.07040085184790883,0.266147555310661,2.567643751414536,-0.8013034100975108,-3.6436285385583504,-6.171707858499692,-6.579045557889006,0.08101677574307525,0.7670140956997122,1090.5224833036416,244.13902305259765,
301,3.925663574793256E-7,0.07040085184790883,0.2661339500342411,2.566914242112218,-0.8013034100975108,-3.6436285385583504,-6.171707858499692,-6.579045557889006,0.08101677574307525,0.7670140956997122,1090.5224833036416,244.13902305259765,
302,3.925663574793256E-7,0.07040085184790883,0.2661339500342411,2.5663873397401207,-0.8013034100975108,-3.6436285385583504,-6.171707858499692,-6.579045557889006,0.08101677574307525,0.7670140956997122,1090.5224833036416,244.13902305259765,
303,3.925663574793256E-7,0.07040085184790883,0.2661339500342411,2.5652949429621517,-0.8013034100975108,-3.6436285385583504,-6.1744929821515715,-6.579045557889006,0.08101677574307525,0.7670140956997122,1090.5224833036416,244.13902305259765,
304,3.925663574793256E-7,0.07040085184790883,0.2661339500342411,2.564227529035375,-0.8013034100975108,-3.6436285385583504,-6.1744929821515715,-6.579045557889006,0.08101677574307525,0.7670140956997122,1090.5224833036416,244.13902305259765,
305,3.925663574793256E-7,0.07040085184790883,0.2661339500342411,2.563477678663783,-0.8013034100975108,-3.6436285385583504,-6.1744929821515715,-6.579045557889006,0.08101677574307525,0.7670140956997122,1090.5224833036416,244.13902305259765,
306,3.925663574793256E-7,0.07040085184790883,0.26602437102691856,2.562704455090508,-0.8013034100975108,-3.6436285385583504,-6.1744929821515715,-6.579045557889006,0.08101677574307525,0.7670140956997122,1090.5224833036416,244.13902305259765,
307,3.925663574793256E-7,0.07040085184790883,0.2659866484450807,2.5615383003000276,-0.8013034100975108,-3.6436285385583504,-6.1744929821515715,-6.579045557889006,0.08101677574307525,0.7670140956997122,1090.5224833036416,244.13902305259765,
308,3.925663574793256E-7,0.07040085184790883,0.2659866484450807,2.5607522724661735,-0.8013034100975108,-3.6436285385583504,-6.1744929821515715,-6.579045557889006,0.08101677574307525,0.7670140956997122,1090.5224833036416,244.13902305259765,
309,3.925663574793256E-7,0.07040085184790883,0.2659866484450807,2.560158039028872,-0.8013034100975108,-3.6436285385583504,-6.1744929821515715,-6.579045557889006,0.08101677574307525,0.7670140956997122,1090.5224833036416,244.13902305259765,
310,3.925663574793256E-7,0.07040085184790883,0.26594044377196857,2.5593631868120785,-0.8013034100975108,-3.6436285385583504,-6.1744929821515715,-6.579045557889006,0.08101677574307525,0.7670140956997122,1090.5224833036416,244.13902305259765,
311,3.925663574793256E-7,0.07040085184790883,0.26594044377196857,2.5589722693402397,-0.8013034100975108,-3.6436285385583504,-6.1744929821515715,-6.579045557889006,0.08101677574307525,0.7670140956997122,1090.5224833036416,244.13902305259765,
312,3.925663574793256E-7,0.07040085184790883,0.26594044377196857,2.5579977624340358,-0.8013034100975108,-3.6436285385583504,-6.1744929821515715,-6.579045557889006,0.08101677574307525,0.7670140956997122,1090.5224833036416,244.13902305259765,
313,3.925663574793256E-7,0.07040085184790883,0.26594044377196857,2.557700864264495,-0.8013034100975108,-3.6436285385583504,-6.1744929821515715,-6.579045557889006,0.08101677574307525,0.7670140956997122,1090.5224833036416,244.13902305259765,
314,3.925663574793256E-7,0.07040085184790883,0.26574447099821213,2.5571485380442316,-0.8013034100975108,-3.6436285385583504,-6.1744929821515715,-6.579045557889006,0.08101677574307525,0.7670140956997122,1090.5224833036416,244.13902305259765,
315,3.925663574793256E-7,0.07040085184790883,0.2656914572971998,2.5564725949092573,-0.8013034100975108,-3.6436285385583504,-6.1744929821515715,-6.579045557889006,0.08101677574307525,0.7670140956997122,1090.5224833036416,244.13902305259765,
316,3.925663574793256E-7,0.07040085184790883,0.2656914572971998,2.5557330114666192,-0.8013034100975108,-3.6436285385583504,-6.1744929821515715,-6.579045557889006,0.08101677574307525,0.7670140956997122,1090.5224833036416,244.13902305259765,
317,3.925663574793256E-7,0.07040085184790883,0.26566424300315605,2.5552443913152514,-0.8013034100975108,-3.6436285385583504,-6.1744929821515715,-6.579045557889006,0.08101677574307525,0.7670140956997122,1090.5106134725197,244.13902305259765,
318,3.925663574793256E-7,0.07040085184790883,0.26566424300315605,2.5546353263364185,-0.8013034100975108,-3.6436285385583504,-6.1744929821515715,-6.579045557889006,0.08101677574307525,0.7670140956997122,1090.5106134725197,244.13902305259765,
319,3.925663574793256E-7,0.07040085184790883,0.26566424300315605,2.5537980382633103,-0.8013034100975108,-3.6436285385583504,-6.1744929821515715,-6.579045557889006,0.08101677574307525,0.7670140956997122,1090.5106134725197,244.13902305259765,
320,3.925663574793256E-7,0.07040085184790883,0.26566424300315605,2.553138529922353,-0.8013034100975108,-3.6436285385583504,-6.1744929821515715,-6.579045557889006,0.08101677574307525,0.7670140956997122,1090.5106134725197,244.13902305259765,
321,3.925663574793256E-7,0.07040085184790883,0.26566424300315605,2.552254674981163,-0.8013034100975108,-3.6436285385583504,-6.1744929821515715,-6.579045557889006,0.08101677574307525,0.7670140956997122,1090.5106134725197,244.13902305259765,
322,3.925663574793256E-7,0.07040085184790883,0.26566424300315605,2.551741584479566,-0.8013034100975108,-3.6436285385583504,-6.1744929821515715,-6.579045557889006,0.08101677574307525,0.7670140956997122,1090.5106134725197,244.13902305259765,
323,3.925663574793256E-7,0.07040085184790883,0.26566424300315605,2.5511276517260635,-0.8013034100975108,-3.6436285385583504,-6.1744929821515715,-6.579045557889006,0.08101677574307525,0.7670140956997122,1090.5106134725197,244.13902305259765,
324,3.925663574793256E-7,0.07040085184790883,0.2656149704681933,2.550307602783863,-0.8013034100975108,-3.6436285385583504,-6.1744929821515715,-6.579045557889006,0.08101677574307525,0.7670140956997122,1090.5106134725197,244.13902305259765,
325,3.925663574793256E-7,0.07040085184790883,0.2653529981396597,2.5493452041278055,-0.8013034100975108,-3.6436285385583504,-6.1744929821515715,-6.579045557889006,0.08101677574307525,0.7670140956997122,1090.5106134725197,244.13902305259765,
326,3.925663574793256E-7,0.07040085184790883,0.2653529981396597,2.5485278381699734,-0.8013034100975108,-3.6436285385583504,-6.1744929821515715,-6.579045557889006,0.08101677574307525,0.7670140956997122,1090.5106134725197,244.13902305259765,
327,3.925663574793256E-7,0.07040085184790883,0.2653529981396597,2.5471849835516225,-0.8013034100975108,-3.6436285385583504,-6.1744929821515715,-6.579045557889006,0.08101677574307525,0.7670140956997122,1090.5106134725197,244.13902305259765,
328,3.925663574793256E-7,0.07040085184790883,0.2653529981396597,2.546520774362063,-0.8013034100975108,-3.6436285385583504,-6.1744929821515715,-6.579045557889006,0.08101677574307525,0.7670140956997122,1090.5106134725197,244.13902305259765,
329,3.925663574793256E-7,0.07040085184790883,0.2653529981396597,2.546175304872205,-0.8013034100975108,-3.6436285385583504,-6.1744929821515715,-6.579045557889006,0.08101677574307525,0.7670140956997122,1090.5106134725197,244.13902305259765,
330,3.925663574793256E-7,0.07040085184790883,0.2653529981396597,2.5457912849606186,-0.8013034100975108,-3.6436285385583504,-6.1744929821515715,-6.579045557889006,0.08101677574307525,0.7670140956997122,1090.5106134725197,244.13902305259765,
331,3.925663574793256E-7,0.07040085184790883,0.26528573033911923,2.5450126939051887,-0.8013034100975108,-3.6436285385583504,-6.1744929821515715,-6.579045557889006,0.08101677574307525,0.7670140956997122,1090.5106134725197,244.13902305259765,
332,3.925663574793256E-7,0.07040085184790883,0.26523639662794457,2.544731925796668,-0.8013034100975108,-3.6436285385583504,-6.1744929821515715,-6.579045557889006,0.08101677574307525,0.7670140956997122,1090.5106134725197,244.13902305259765,
333,3.925663574793256E-7,0.07040085184790883,0.2651911597346489,2.5442883606566897,-0.8013034100975108,-3.6436285385583504,-6.1744929821515715,-6.579045557889006,0.08101677574307525,0.7670140956997122,1090.5106134725197,244.13902305259765,
334,3.925663574793256E-7,0.07040085184790883,0.26517593634846703,2.54357553073812,-0.8013034100975108,-3.6436285385583504,-6.1744929821515715,-6.579045557889006,0.08101677574307525,0.7670140956997122,1090.5106134725197,244.13902305259765,
335,3.925663574793256E-7,0.07040085184790883,0.26517593634846703,2.5431257817881274,-0.8013034100975108,-3.6436285385583504,-6.1744929821515715,-6.579045557889006,0.08101677574307525,0.7670140956997122,1090.5106134725197,244.13902305259765,
336,3.925663574793256E-7,0.07040085184790883,0.26511832386341333,2.542671673423235,-0.8013034100975108,-3.6436285385583504,-6.1744929821515715,-6.579045557889006,0.08101677574307525,0.7670140956997122,1090.4124135850918,244.13902305259765,
337,3.925663574793256E-7,0.07040085184790883,0.2649375944679551,2.542107558066494,-0.8013034100975108,-3.6436285385583504,-6.1744929821515715,-6.579045557889006,0.08101677574307525,0.7670140956997122,1090.4124135850918,244.13902305259765,
338,3.925663574793256E-7,0.07040085184790883,0.2649346644447684,2.541435556788886,-0.8013034100975108,-3.6436285385583504,-6.1744929821515715,-6.579045557889006,0.08101677574307525,0.7670140956997122,1090.4124135850918,244.13902305259765,
339,3.925663574793256E-7,0.07040085184790883,0.2648270670697279,2.5406939608268915,-0.8013034100975108,-3.6436285385583504,-6.1744929821515715,-6.579045557889006,0.08101677574307525,0.7670140956997122,1090.4124135850918,244.13902305259765,
340,3.925663574793256E-7,0.07040085184790883,0.2647920732542491,2.540289994698326,-0.8013034100975108,-3.6436285385583504,-6.1744929821515715,-6.579045557889006,0.08101677574307525,0.7670140956997122,1090.4124135850918,244.13902305259765,
341,3.925663574793256E-7,0.07040085184790883,0.2647920732542491,2.5395350664206413,-0.8013034100975108,-3.6436285385583504,-6.1744929821515715,-6.579045557889006,0.08101677574307525,0.7670140956997122,1090.4124135850918,244.13902305259765,
342,3.925663574793256E-7,0.07040085184790883,0.2647920732542491,2.539149315046662,-0.8013034100975108,-3.6436285385583504,-6.1744929821515715,-6.579045557889006,0.08101677574307525,0.7670140956997122,1090.4124135850918,244.13902305259765,
343,3.925663574793256E-7,0.07040085184790883,0.264644520651065,2.5379555472875217,-0.8013034100975108,-3.6436285385583504,-6.1744929821515715,-6.579045557889006,0.08101677574307525,0.7670140956997122,1090.4124135850918,244.13902305259765,
344,3.925663574793256E-7,0.07040085184790883,0.2644715238199343,2.537291980859837,-0.8013034100975108,-3.6436285385583504,-6.1744929821515715,-6.579045557889006,0.08101677574307525,0.7670140956997122,1090.4124135850918,244.13902305259765,
345,3.925663574793256E-7,0.07040085184790883,0.2644715238199343,2.5362498499945016,-0.8013034100975108,-3.6436285385583504,-6.1744929821515715,-6.579045557889006,0.08101677574307525,0.7670140956997122,1090.4124135850918,244.13902305259765,
346,3.925663574793256E-7,0.07040085184790883,0.2644715238199343,2.5357276058553104,-0.8013034100975108,-3.6436285385583504,-6.1744929821515715,-6.579045557889006,0.08101677574307525,0.7670140956997122,1090.4124135850918,244.13902305259765,
347,3.925663574793256E-7,0.07040085184790883,0.2644715238199343,2.5354944027162434,-0.8013034100975108,-3.6436285385583504,-6.1744929821515715,-6.579045557889006,0.08101677574307525,0.7670140956997122,1090.4124135850918,244.13902305259765,
348,3.925663574793256E-7,0.07040085184790883,0.2644715238199343,2.5350853284115358,-0.8013034100975108,-3.6436285385583504,-6.1744929821515715,-6.579045557889006,0.08101677574307525,0.7670140956997122,1090.4124135850918,244.13902305259765,
349,3.925663574793256E-7,0.07040085184790883,0.26409239732062545,2.5337211425996125,-0.8013034100975108,-3.6438689725817257,-6.1744929821515715,-6.579045557889006,0.08101677574307525,0.7670140956997122,1090.4124135850918,244.13902305259765,
350,3.925663574793256E-7,0.07040085184790883,0.2640899539501255,2.53313502428895,-0.8013034100975108,-3.6438689725817257,-6.1744929821515715,-6.579045557889006,0.08101677574307525,0.7670140956997122,1090.4124135850918,244.13902305259765,
351,3.925663574793256E-7,0.07040085184790883,0.2640899539501255,2.532589180169667,-0.8013034100975108,-3.6438689725817257,-6.1744929821515715,-6.579045557889006,0.08101677574307525,0.7670140956997122,1090.4124135850918,244.13902305259765,
352,3.925663574793256E-7,0.07040085184790883,0.26401670921354925,2.532211953559011,-0.8013034100975108,-3.6438689725817257,-6.1744929821515715,-6.580680261379509,0.08101677574307525,0.7670140956997122,1090.4124135850918,244.13902305259765,
353,3.925663574793256E-7,0.07040085184790883,0.26401670921354925,2.531447538043422,-0.8013034100975108,-3.6438689725817257,-6.1744929821515715,-6.580680261379509,0.08101677574307525,0.7670140956997122,1090.4124135850918,244.13902305259765,
354,3.925663574793256E-7,0.07040085184790883,0.2636701143716962,2.5306898321825555,-0.8013034100975108,-3.6438689725817257,-6.1744929821515715,-6.580680261379509,0.08101677574307525,0.7670140956997122,1090.4124135850918,244.13902305259765,
355,3.925663574793256E-7,0.07040085184790883,0.2636200598742087,2.529704008865892,-0.8013034100975108,-3.6438689725817257,-6.1744929821515715,-6.580680261379509,0.08101677574307525,0.7670140956997122,1090.4124135850918,244.13902305259765,
356,3.925663574793256E-7,0.07040085184790883,0.2635689523523486,2.528228561596713,-0.8013034100975108,-3.6438689725817257,-6.1744929821515715,-6.580680261379509,0.08101677574307525,0.7670140956997122,1090.4124135850918,244.13902305259765,
357,3.925663574793256E-7,0.07040085184790883,0.26347291442018883,2.5275528857246523,-0.8013034100975108,-3.6438689725817257,-6.1744929821515715,-6.580680261379509,0.08101677574307525,0.7670140956997122,1090.4124135850918,244.13902305259765,
358,3.925663574793256E-7,0.07040085184790883,0.2633320525790799,2.5269360521624855,-0.8013034100975108,-3.6438689725817257,-6.1744929821515715,-6.580680261379509,0.08101677574307525,0.7670140956997122,1090.4124135850918,244.13902305259765,
359,3.925663574793256E-7,0.07040085184790883,0.2629967494085711,2.5259783984125423,-0.8013034100975108,-3.6438689725817257,-6.1744929821515715,-6.580680261379509,0.08101677574307525,0.7670140956997122,1090.4124135850918,244.13902305259765,
360,3.925663574793256E-7,0.07040085184790883,0.2629022230153836,2.5255401764848426,-0.8013034100975108,-3.6438689725817257,-6.1744929821515715,-6.580680261379509,0.08101677574307525,0.7670140956997122,1090.4124135850918,244.13902305259765,
361,3.925663574793256E-7,0.07040085184790883,0.26277324104321975,2.5247546173617113,-0.8013034100975108,-3.6438689725817257,-6.1744929821515715,-6.580680261379509,0.08101677574307525,0.7670140956997122,1090.4124135850918,244.13902305259765,
362,3.925663574793256E-7,0.07040085184790883,0.2625980715196416,2.524149879975619,-0.8013034100975108,-3.6438689725817257,-6.1744929821515715,-6.580680261379509,0.08101677574307525,0.7670140956997122,1090.4124135850918,244.13902305259765,
363,3.925663574793256E-7,0.07040085184790883,0.2625980715196416,2.5237132985045894,-0.8013034100975108,-3.6438689725817257,-6.1744929821515715,-6.580680261379509,0.08101677574307525,0.7670140956997122,1090.4124135850918,244.13902305259765,
364,3.925663574793256E-7,0.07040085184790883,0.2625980715196416,2.5231151551538984,-0.8013034100975108,-3.6438689725817257,-6.1744929821515715,-6.580680261379509,0.08101677574307525,0.7670140956997122,1090.4124135850918,244.13902305259765,
365,3.925663574793256E-7,0.07040085184790883,0.2625980715196416,2.522403310735514,-0.8013034100975108,-3.6438689725817257,-6.1744929821515715,-6.580680261379509,0.08101677574307525,0.7670140956997122,1090.4124135850918,244.13902305259765,
366,3.925663574793256E-7,0.07040085184790883,0.2625980715196416,2.521831439829476,-0.8013034100975108,-3.6438689725817257,-6.1744929821515715,-6.580680261379509,0.08101677574307525,0.7670140956997122,1090.4124135850918,244.13902305259765,
367,3.925663574793256E-7,0.07040085184790883,0.2625904202924781,2.520812319326394,-0.8013034100975108,-3.6438689725817257,-6.1744929821515715,-6.580680261379509,0.08101677574307525,0.7670140956997122,1090.4124135850918,244.13902305259765,
368,3.925663574793256E-7,0.07040085184790883,0.26253026959336634,2.520140001467341,-0.8013034100975108,-3.6438689725817257,-6.1744929821515715,-6.580680261379509,0.08101677574307525,0.7670140956997122,1090.4124135850918,244.13902305259765,
369,3.925663574793256E-7,0.07040085184790883,0.26253026959336634,2.519542806667228,-0.8013034100975108,-3.6438689725817257,-6.1744929821515715,-6.580680261379509,0.08101677574307525,0.7670140956997122,1090.4124135850918,244.13902305259765,
370,3.925663574793256E-7,0.07040085184790883,0.26235450007385414,2.5190307217490777,-0.8013034100975108,-3.6438689725817257,-6.1744929821515715,-6.580680261379509,0.08101677574307525,0.7652057339699736,1090.4124135850918,244.13902305259765,
371,3.925663574793256E-7,0.07040085184790883,0.2623522709680337,2.518558010054322,-0.8013034100975108,-3.6438689725817257,-6.1744929821515715,-6.580680261379509,0.08101677574307525,0.7652057339699736,1090.4124135850918,244.13902305259765,
372,3.925663574793256E-7,0.07040085184790883,0.26220904732701145,2.517763129848295,-0.8013034100975108,-3.6438689725817257,-6.1744929821515715,-6.580680261379509,0.08101677574307525,0.7652057339699736,1090.4124135850918,244.13902305259765,
373,3.925663574793256E-7,0.07040085184790883,0.26220904732701145,2.5170296014822457,-0.8013034100975108,-3.6438689725817257,-6.1744929821515715,-6.580680261379509,0.08101677574307525,0.7652057339699736,1090.4124135850918,244.13902305259765,
374,3.925663574793256E-7,0.07040085184790883,0.2621452014401488,2.5164241919422574,-0.8013034100975108,-3.6438689725817257,-6.1744929821515715,-6.580680261379509,0.08101677574307525,0.7652057339699736,1090.4124135850918,244.13902305259765,
375,3.925663574793256E-7,0.07040085184790883,0.2621452014401488,2.515826349411686,-0.8013034100975108,-3.6438689725817257,-6.1744929821515715,-6.580680261379509,0.08101677574307525,0.7652057339699736,1090.4124135850918,244.13902305259765,
376,3.925663574793256E-7,0.07040085184790883,0.2621298373924068,2.5151434539448023,-0.8013034100975108,-3.6438689725817257,-6.1744929821515715,-6.580680261379509,0.08101677574307525,0.7652057339699736,1090.4124135850918,244.13902305259765,
377,3.925663574793256E-7,0.07040085184790883,0.2621085841404186,2.5145421970167345,-0.8013034100975108,-3.6438689725817257,-6.1744929821515715,-6.584055776475511,0.08101677574307525,0.7652057339699736,1090.4124135850918,244.13902305259765,
378,3.92